address,overall_balance,transferable_balance,available_balance,available_balance_safe,available_balance_unsafe,last_height,updated_at,token
157hRa1cUGYQySQZwhsH499uxTmSdDjSSe,2,0,2,2,0,928270,2025/12/17 21:26,safe
1KPrVvDw6NPz28fhwweePL8Ebdu2xK9Pja,1,0,1,1,0,928270,2025/12/17 21:26,safe
1NkBXWaFXzmW1RLaAEN1sNzANaqn9LQbny,1,0,1,1,0,928270,2025/12/17 21:26,safe
34EYpoG6FqeF7nq5xv8KfX99DMLhunrdNF,1,0,1,1,0,928275,2025/12/17 22:03,safe
3C7JkQ7Jg8wfs7F1bBHvhEAQzmxsL2KM2T,20,20,0,0,0,928270,2025/12/17 21:26,safe
3EQ4h1n67xePhtBvncfgroYTSujEkvcCXa,1,0,1,1,0,928270,2025/12/17 21:26,safe
3Fn1xSd1NmmabqFPbd7tpABkNha1moRsDh,1,0,1,1,0,928270,2025/12/17 21:26,safe
3FZ1x9rx8dTxoRzHmbNRsMG1EbPsDKGqHC,1,0,1,1,0,928270,2025/12/17 21:26,safe
3GYsAWBz8s5NDejnBXjKVABvEfhvBJYjV6,1,0,1,1,0,928270,2025/12/17 21:26,safe
3JuGned57p7KC1UaatZrcidNNhS9XfNGZt,1,0,1,1,0,928270,2025/12/17 21:26,safe
bc1p0220fwujkjzac7ue40q3ufznvkntacqes0anks7z2rrsdqav387qpx9a6p,1,0,1,1,0,928270,2025/12/17 21:27,safe
bc1p06g79lfcgx7e3zpzwtxyp06usmxr39s46jq6q2rzemzy93x8tqes28yx5a,1100,0,1100,1100,0,928270,2025/12/17 21:26,safe
bc1p07n59nljuxmkhd2ndd5vn8makgcq6mmy8s5ll0dg23ahck4pwmuqsrgvys,3,0,3,3,0,928270,2025/12/17 21:26,safe
bc1p08g3jr27ge8sx4dflyzjvax7rrlhmuz8zh02fcssxxdlagvcykxs4p83uq,1,0,1,1,0,928270,2025/12/17 21:27,safe
bc1p08wep03f597ns94x8ajpghh9znmntl4efpu5lesla9vn9fjhz5sqcjy0ch,50,0,50,50,0,928270,2025/12/17 21:26,safe
bc1p09gfkndjnda3y99e92ypmty2h23khq0h78qtsj9gcptzhjue5c9skqtpqn,2470,1500,970,970,0,928270,2025/12/17 21:26,safe
bc1p0an83qm5fp8lqve04ztn6fgjxau2qpw4nl6yr5jxgc5f92qctxnscz556e,1,0,1,1,0,928270,2025/12/17 21:27,safe
bc1p0du45jgscpp6rw3tqhh60w93yv4950wafsfcctrqp8y6ke43vdqs0e4hv2,2100,1000,1100,1100,0,928270,2025/12/17 21:26,safe
bc1p0expptdnddnhky8dmd5agm9q9daau0ytp9e7u4uavgvvk2nk5s7sa7vng4,5,0,5,5,0,928270,2025/12/17 21:26,safe
bc1p0g8v40f33jgarp93l3q65wh67g99g3cjrte67x4whmtdcg7ckmss9fdf8t,1,0,1,1,0,928270,2025/12/17 21:27,safe
bc1p0hhcvv730dmeaeptpzgceu8cmukh0xznjgp2wkpzxfjgf556hmkqyng2la,5,0,5,5,0,928270,2025/12/17 21:26,safe
bc1p0jc0vqv344leh6tpuefztgwytt505sakj6ehvktnyskfn2f4r9rsd0w9sw,100,0,100,100,0,928270,2025/12/17 21:26,safe
bc1p0l2pru3vxlhs623uxw2whehxxcfqv8dxatde5fk2srlvzk376kjs8jzvda,2100,0,2100,2100,0,928270,2025/12/17 21:26,safe
bc1p0njauzrecfgy3kkennp803fvcuwrumw8wczx9mce66j9y5e2fuss95q7z5,1,0,1,1,0,928275,2025/12/17 22:03,safe
bc1p0r2t73ys4datrv62s7hhaewevgs9zhncy2helygpfc43jmy4pm8qy5xc37,1,0,1,1,0,928270,2025/12/17 21:27,safe
bc1p0vtuwxle3x6mqvqshssmpand5tdyr9zm7lr7pnc40ht3gqfy9z2salkvpt,7572,6200,1372,1372,0,928270,2025/12/17 21:26,safe
bc1p0yr0sdca6z33p6a2rypecaaq4f7csh2kqjl73rtzced6aw3k82ysdcu7et,1,0,1,1,0,928270,2025/12/17 21:27,safe
bc1p205pw3qpl9ufxawgazjrx4zd9qw7tt5939ppuarfrzwg8k8gs05qy4j5uk,1,0,1,1,0,928270,2025/12/17 21:27,safe
bc1p2298dd3znu7c39mqvnxn54ndkw39fe6hxtyfn8d7rcfym7xfdgtshky2ev,2,0,2,2,0,928270,2025/12/17 21:26,safe
bc1p2459tqmupn9nwy9etjy69phl6u64m29f6wr3z6eeacgc2l44a82qdsw0xc,1,0,1,1,0,928270,2025/12/17 21:27,safe
bc1p26snfksa6nwqwjchz44l3kn79g7vs7au3sx42xkwhcere77pfwlskp49cv,1,0,1,1,0,928270,2025/12/17 21:27,safe
bc1p28cpg9stlfcedu5uvl7q59wjn8g03qrn8ecwa3zrsj2ak60d0yzqxf8lam,1,0,1,1,0,928270,2025/12/17 21:27,safe
bc1p299unec8vs3e9vn0thzz5qj9quv9fjfje2p9sau9htgpufpm626qmg3krt,1,0,1,1,0,928270,2025/12/17 21:27,safe
bc1p2dhw76s643uqlshst6c35c55hcc887vaj2hg8k4exugh6vnuwt8qdau90f,5500,1000,4500,4500,0,928270,2025/12/17 21:26,safe
bc1p2dpk2lxw97mljpkjw7nmf7fr3hzeac5xaxpkuy2ll3jg7xuhvqaqw5w4g0,10845454546,0,10845454546,10845454546,0,928295,2025/12/18 0:47,safe
bc1p2duef9qer3mj2r9zmur5l92xy4ce7j950dwe457e5haqaew5eszqzwylnu,1,0,1,1,0,928270,2025/12/17 21:27,safe
bc1p2e4xec3ktfwqwm7j4pp227xq3ac3ld74mzypghhyzdmll4jasg2sawergk,1,0,1,1,0,928270,2025/12/17 21:27,safe
bc1p2ejryvd5qrcrdrrkmyrwsw8y6agdu2l5f5uquy9jsmvg9g7kcq7sepjuvl,1,0,1,1,0,928270,2025/12/17 21:27,safe
bc1p2eqhas5t4smyp5mhtk3cq5rldu9nc0dz9rvwnv8c4e3ky5flk68qk595h2,1,0,1,1,0,928270,2025/12/17 21:27,safe
bc1p2equf9ls6zmwuh7jz0jhgplxjq8qesnkc2fx69euepzchnal9nnqtc0trs,1,0,1,1,0,928270,2025/12/17 21:27,safe
bc1p2ezwsqkg753k5r45x2w83nyqqeadrmm39t95x4zqfu09te2wrxyqv5aa6c,2,0,2,2,0,928270,2025/12/17 21:26,safe
bc1p2f3x5v85fauc0sujyezttmj7ue35p9f7d2aejga3rcjmlv3407gq7nta22,875,875,0,0,0,928270,2025/12/17 21:26,safe
bc1p2f96k5nfslx8wep8my2hekun2jkf6ngst277he47vkjv8n8dsudskq3m23,700,500,200,200,0,928270,2025/12/17 21:26,safe
bc1p2g3khxy26qr872r7esl93d06ggj0ep7tgwce9fc053qxnzxs49qstv3aev,12945,450,12495,12495,0,928275,2025/12/17 22:02,safe
bc1p2j5acqjdcr8ag0hmndde3yxkg9vfl7pm5eew9a08ed0j4vk33l4sc9c9tv,1,0,1,1,0,928270,2025/12/17 21:27,safe
bc1p2jaldp58cyw0lngqh3elegz5m2u8cvk0uruqytvnwuwunrfgc45sxrwyce,3,0,3,3,0,928270,2025/12/17 21:26,safe
bc1p2kqq9drhw3t694e0lqtccwhk8reza0shewemyyvs2lx77t3exjfs7pepww,1,0,1,1,0,928270,2025/12/17 21:27,safe
bc1p2lqgfghkzeum7n5mw2a9245pqxc875j6g9xl4wvzh6t3z2kwuevsnt6w3a,1,0,1,1,0,928270,2025/12/17 21:27,safe
bc1p2mfka97qql4xsg0038l22rkju8tyz6x68hv009md00ltq40s24uq3pu58t,3,0,3,3,0,928270,2025/12/17 21:26,safe
bc1p2mra5h68wzxk3u929xcfww6xydmekjx5uap2xjxjzlhxwg4uqu5s28fqh3,46,0,46,46,0,928275,2025/12/17 22:02,safe
bc1p2net7rgskcttr9rn3f2h7wfgpvek5qzhtfnwzm0wquea396hfq3s8vfrl9,1,0,1,1,0,928270,2025/12/17 21:27,safe
bc1p2paalxgf6hy8qmj2jfwjacrsxw4yll4ukz47x02qflg8k479gngqk4eqlr,1,0,1,1,0,928270,2025/12/17 21:27,safe
bc1p2pnqv2sf57jvk9gwf9fx7qeq07h4u45qxkee4s8td5q5nw9xc9xqjjcc4g,1,0,1,1,0,928270,2025/12/17 21:27,safe
bc1p2rggratc4nc7mfsf7vxg8hstssuc9q2rggezgztu4j6gvtnm30jqdk649v,2,0,2,2,0,928270,2025/12/17 21:26,safe
bc1p2tap2qr9d4nfxwetnslartwlhuc2rv60mvud77hkc6pah8p3zxtq4ezfar,1,0,1,1,0,928270,2025/12/17 21:27,safe
bc1p2tqpnqfewhsc9jl0e4xxed530dqag0uv7uzk3ny70f9y38xn5paqdemdr5,1,0,1,1,0,928270,2025/12/17 21:27,safe
bc1p2umsk6fwt2uvhf8tf3vuhfaa00x3334m7s0emqlways69vygc88q98a0dc,1,0,1,1,0,928270,2025/12/17 21:27,safe
bc1p2umt7awrhvta5hvr559wk2hnex45wxxtcmk5rr5utqfmcp9yv4tqx2mpp0,5000,0,5000,5000,0,928270,2025/12/17 21:26,safe
bc1p2v9pvzt3zd2f9y2he95vrcfdeu9dlndg25hzh4zg8vnxcw87fycqklwmhn,23,0,23,23,0,928270,2025/12/17 21:26,safe
bc1p2y8q0yjc3djz7yrgwy05rxm8dkwrskx0nfzlvsx8ueqzka6xkdkquye33m,1,0,1,1,0,928270,2025/12/17 21:27,safe
bc1p2ydrufxym84zqr8pgcwf9j5w62r90svhsc9pfk2cdqyxfyq9q2aq9zfcl2,1,0,1,1,0,928270,2025/12/17 21:27,safe
bc1p2zn5tj8t5w4fanh5j7n060jf2hau8pvapxadkmlustdzn6tmrwnskd63d0,1,0,1,1,0,928270,2025/12/17 21:27,safe
bc1p32v25ndlwhzmsd7k9nzq30ctzxpzddccf5wpweft3kju5ph8c6lsnmul3f,2,0,2,2,0,928270,2025/12/17 21:26,safe
bc1p34un77tdrn5lrssvntu60yhas7nhwt47ee0x0emdpgs22xc2ssyqynweds,2,0,2,2,0,928270,2025/12/17 21:26,safe
bc1p35u8trq0tn7xjnn0m29scf24nfyw0fd922g5zswsknlsh3yze5ys3gsx7u,1250,250,1000,1000,0,928270,2025/12/17 21:26,safe
bc1p36dce3sl6gamll4hj4uzeprpf7snfdy6x037x6ysag29stj5cxzqztkshy,1,0,1,1,0,928270,2025/12/17 21:27,safe
bc1p36wdv755lz6g34rcz2xk06cdy4nya4presmm5k4amd73m2g62qjsnws29z,1,0,1,1,0,928270,2025/12/17 21:27,safe
bc1p36zjle0nhrny8w4pz0p7l3vhfsd0euudmkz0qr5p0rln0f8a6hps7tj3w3,7973,0,7973,7973,0,928270,2025/12/17 21:26,safe
bc1p3agjzzgyqz8s30mxl58na589aez3yjhw36aghwf0sm8kek0nz0hq8uy070,1,0,1,1,0,928270,2025/12/17 21:27,safe
bc1p3gvfdv4dk7psdz7tn6qx4m7m0r2k8v4chhegs07xzvt2xyhaefwq69x5kz,1,0,1,1,0,928299,2025/12/18 1:23,safe
bc1p3hlk5p9xh66e9d6gmzcdaq8t9vlz4uj6ser494fq8texkjyr6arqa4c52s,300,0,300,300,0,928270,2025/12/17 21:26,safe
bc1p3k6cwqn2xz5m3srjstv4qqzgsuzjfuxlv8vwz67a8tc63rwgwtvss8k20v,1,0,1,1,0,928270,2025/12/17 21:27,safe
bc1p3lpq9shhxj0g3r9ekkkqqpvf95ls5gcarpvwvpjs8w6ru3quy44qwrqj9f,1,0,1,1,0,928270,2025/12/17 21:27,safe
bc1p3m4wpr5wy2ts3fyefk7cf8a2wr4329ut30uwc46prnsg9226rkvs60wtu7,1,0,1,1,0,928270,2025/12/17 21:27,safe
bc1p3mp6zqt8wyh7jcxgau3etrcqxlgngjzf73zht94rshpmvc6uwj2scfutnk,1,0,1,1,0,928270,2025/12/17 21:27,safe
bc1p3n9sgjxu2qd3mkug93vrd0yst3aqem36xxspw58kaqdxwj5eu2sq7ln9r2,2,0,2,2,0,928270,2025/12/17 21:26,safe
bc1p3ncq2u3c5jd77tftwxcsfp93uuzc3lmz8e75jvgyfr24tzzrnvns22sn4s,1,0,1,1,0,928270,2025/12/17 21:27,safe
bc1p3q4efy6u8nfzpkvh0fp2hccq62rn7daw68x4qpmhs0n4je7f68eqz3tuqt,2,0,2,2,0,928270,2025/12/17 21:26,safe
bc1p3sl9q0p0u9rzyy3u40s0sg68v6hqgtth2v3jvv8z9x5l030gg2ts3fdq92,100,0,100,100,0,928270,2025/12/17 21:26,safe
bc1p3srmd7kfvnjs9z4t7dzzwnc3hnx2wca6n22cr5z25ptpml7hq8psyxjzke,1,0,1,1,0,928270,2025/12/17 21:27,safe
bc1p3tzjfhvq559vqmrflv42uv3p7vdhmkkma53qmyrw68yl4mru55cqmy3gp3,300,0,300,300,0,928270,2025/12/17 21:26,safe
bc1p3uqw8utrf0szgcc2dgxd0rwrzr5vgydsm60avcfsxwy2efwy73jse606sg,1,0,1,1,0,928270,2025/12/17 21:27,safe
bc1p3uuaf7lgv3n9alygese045scw5gaepfu7fkadl264yj000g4xnqsegdq56,2,0,2,2,0,928270,2025/12/17 21:26,safe
bc1p3vrvk7g94q52qdegtmar7lfvfv3na3y3ne6yrcms69ldane7nc3q4623gn,8350,0,8350,8350,0,928270,2025/12/17 21:26,safe
bc1p3y0jexkk7mpz2a8c826zsrym2h6s8uwxsmc06ew62lmm4wjerqqqhcwcy6,1,0,1,1,0,928270,2025/12/17 21:27,safe
bc1p3ydl7wc2nnsqyzku0hhddaqht48sr8yh64yt66kczl5xg6aap7fq6qjxrt,200,0,200,200,0,928270,2025/12/17 21:26,safe
bc1p3yp8x5vezg7r0tcvc7xp0phrq768hzdvjxflw3k2x8nezkpvdlgsfzqjdj,936,468,468,468,0,928270,2025/12/17 21:26,safe
bc1p3yr6l5qlf69s9mp2qz2u8yxpsrsdk64p069tu0f9n00hgv8ug8rqw2j3pe,1,0,1,1,0,928270,2025/12/17 21:27,safe
bc1p4275klhp84gjuqh057yk0te7epdknlqqhnhlnutdgx3dpetcxz8s83lvkt,2184,2183,1,1,0,928270,2025/12/17 21:26,safe
bc1p432wrqutyw392pgcu3fpwp956lmcm94rs559vxr4cxd86l6xthxqae24us,1,0,1,1,0,928270,2025/12/17 21:27,safe
bc1p445zua2gc0etlvtd40vg5plmsrz7fx8lhupq3w3vl4r0lvca6zxsgguy4d,2814,0,2814,2814,0,928275,2025/12/17 22:02,safe
bc1p44rtmu8muj9sc9v9vjz6smg6xkyczltd7f6jw429984jxwntpd3qcgdfxq,4,0,4,4,0,928270,2025/12/17 21:26,safe
bc1p44u2unx7f5wju2mjnpzu9uggretmyp5qasd38em3fx52x9zf306sx38m8q,1,0,1,1,0,928270,2025/12/17 21:27,safe
bc1p45qegtzzy5es6x6f2aef6vphjm4a6xk84gdta54q5xakgwlx66tqg57hy6,1,0,1,1,0,928270,2025/12/17 21:27,safe
bc1p465twl35gjjjlg7e3mnrrlgjt6mg92mvjkdhkz3rsuvnd4h8uafqdptmzp,1,0,1,1,0,928270,2025/12/17 21:27,safe
bc1p46g62v9u8lxdup7t4xq4es72l349m9h32vh59lfaujyvxtrsrm9qcl2q4z,2,0,2,2,0,928275,2025/12/17 21:56,safe
bc1p47kejs4mlpvj7x9vrz4fszy9pemdknudftnvfy3stvxj6um4wspqldt9h5,27000000000,0,27000000000,27000000000,0,928291,2025/12/18 0:39,safe
bc1p47r2h46n0zsep75yf4hq27pcyxw089x4wjrknmg54v23khcs5neqyfru9q,1,0,1,1,0,928270,2025/12/17 21:27,safe
bc1p48zluuj0w9le8jv8ylyslwwfljux02xuxdelqq5twlykl2vvagus69k759,1,0,1,1,0,928270,2025/12/17 21:27,safe
bc1p492rf27nvvgfvqxtel26sgvsuzmg6puz2uc5mlgc9uvn4cxwpj7qxmjsed,1,0,1,1,0,928275,2025/12/17 22:03,safe
bc1p4cckaalhp57e72ydtnas4txjezxk4lxpndmlw86g454uvz3erles4d7mr5,4,0,4,4,0,928270,2025/12/17 21:26,safe
bc1p4dmzt2y40yn3rde9ks8pg4rdpkt54ujth9ukmwes97huawlx2mgssnfzln,1,0,1,1,0,928270,2025/12/17 21:27,safe
bc1p4ecz4w2yf0axnuujrhsrrg33emz9cpte6k7xujewezg6pv6frvtqw57ea5,3,0,3,3,0,928270,2025/12/17 21:26,safe
bc1p4en8w6xhtc7cgrshhqrq4hyn3mxu9fc0rhdptw33qxhuvg4qg73sfxm6lc,3218.8,400,2818.8,2818.8,0,928275,2025/12/17 22:02,safe
bc1p4flpdyhrufwg7hh67cmgsl0afwwfnt8w6rnx5e94e72n3zautqvqu97k5p,1,0,1,1,0,928270,2025/12/17 21:27,safe
bc1p4gukjq4s0durpdhks6ysfxtmd6re25dr8ngx9tp7ps7624jrt9jqh8ccvf,1232,1000,232,232,0,928270,2025/12/17 21:26,safe
bc1p4hjpkkcfxgp8v2d5nmysgcrmdcl3hvlywtjussqd240qp95q23rq2uddej,800,0,800,800,0,928270,2025/12/17 21:26,safe
bc1p4k0pa6u2mz88ucxu0nmd98lm9y2gvxfh82w40yqd0ru6xhmhfmcsva6kp0,1,0,1,1,0,928275,2025/12/17 21:58,safe
bc1p4l0c9c6044yu67j94zp3hgtpaqlnsv3kn6czj72fqm9plrkdf33sgpnmgj,1,0,1,1,0,928270,2025/12/17 21:27,safe
bc1p4q5srcnvx03adhtsv759pz0yf80yjytreynca00fxw42j5ndfslsax4gdj,1,0,1,1,0,928270,2025/12/17 21:27,safe
bc1p4qygcxna208vx8ennla0q7e9zzfn7z9g3c7muvkytlk3px8kep4qw6d62e,1,0,1,1,0,928270,2025/12/17 21:27,safe
bc1p4rv6vsewvnfpzh26m6e6zywnvnp2t7p736ufsjw62ptzctcl4s9qr9els7,1,0,1,1,0,928270,2025/12/17 21:27,safe
bc1p4uvgnwysz3va8jh4xyyy0ajpjna805szxq7wxnwfkx0wx40wcu3sxk6gyz,1,0,1,1,0,928275,2025/12/17 22:03,safe
bc1p4ve09lc2pdakdtkxvyexz4zn8385skhw9p0vk9swfh80ftth958quyse34,1,0,1,1,0,928270,2025/12/17 21:27,safe
bc1p4wrynmm2urttlp8gp9gkydhklelw0p350zgmsdr8lyazns3avf6qgdv2a8,1,0,1,1,0,928270,2025/12/17 21:27,safe
bc1p4xejjy5tydusfxmghndflwzvepyvhwxzgcwrkzzyhl9n5yrs9masc9egg6,4,0,4,4,0,928275,2025/12/17 22:02,safe
bc1p4y59vy9a0v8u55q82q2l6j69lhnjdcmzjy762sz0shurgxjvpyqq6cew4k,1,0,1,1,0,928270,2025/12/17 21:27,safe
bc1p4y9lv9fatfpc4vcugcl9k5znd3v9t27kuatsc3k62ag3eyyk0ggsjxerd4,200,0,200,200,0,928270,2025/12/17 21:26,safe
bc1p4ygwqkvdnswlj0w4vd0g380lq407ur9vrgx82y7vlnzu758ue70s848dvy,1,0,1,1,0,928270,2025/12/17 21:27,safe
bc1p4yhhe0mle4cwk2ldl6e69djpst2k9w84mk9cwftd3c462k9w4tdsu56tnf,1,0,1,1,0,928270,2025/12/17 21:27,safe
bc1p4z0zgdf35z43pw6spckqjn5q7kgnprklfymfu44hg5v6pyehjdyq0t30p6,1,0,1,1,0,928270,2025/12/17 21:27,safe
bc1p4za9rfwgzzghrkgw5dwx9av7z5q8kj4hal4s3wffjev6ya3es4nszjpetp,1,0,1,1,0,928270,2025/12/17 21:27,safe
bc1p4zvehatsadwp08p9ecgsslf2rp5z2n2grqn04ufhwpv0r2c39u9sdglgy0,1,0,1,1,0,928270,2025/12/17 21:27,safe
bc1p52qh92g466sq2t8fcuhzzvxrx7jcllejz63j2qhlatjs86s3sn8sf34wxr,3,0,3,3,0,928270,2025/12/17 21:26,safe
bc1p56z66aszvpt5038u3pul5kzm2f6jfx05zymu90tdpaus26v4sdrqtmmxex,1,0,1,1,0,928270,2025/12/17 21:27,safe
bc1p57rxrfw27qaht6r2s5g5tp5exs77t93jt9wyadur5gpqw9yuxyts6cn9ll,1,0,1,1,0,928270,2025/12/17 21:27,safe
bc1p58756rky37z8zd3gqcgtvetvg0ccch98mx8j5567dnu5mu4zncts2z02p5,1,0,1,1,0,928270,2025/12/17 21:27,safe
bc1p593ggc6zu6yhuclqmzug6y3gk6cj3f80uvpydh5pj25hecf9nhhq4t5548,613,613,0,0,0,928270,2025/12/17 21:26,safe
bc1p5apw5j4pa2ad5jg2q77nrnqje9x249fpwjzvzm2tdyefutpp0wfq4khpfx,1,0,1,1,0,928270,2025/12/17 21:27,safe
bc1p5egzmp9mvr54zsp27yr7w0xpudp4hwq6g6ehqka640ntzzs6munskevsw0,2,0,2,2,0,928270,2025/12/17 21:26,safe
bc1p5jqvam5u2rysza3s6u0qknzng7a20nyxcnjdswzhyw3c65ej5rqq2npj9a,1,0,1,1,0,928270,2025/12/17 21:27,safe
bc1p5n3pe5ru9drl7menawawnln06ts28jd74rhru325qvt3gd80xdesqd3qe8,1,0,1,1,0,928270,2025/12/17 21:27,safe
bc1p5p0qee5yl6za0exmlm7zmmp0sdq8udzxqyg5yf8v7yfh6nh9kwtq0nfxrj,3586,0,3586,3586,0,928270,2025/12/17 21:26,safe
bc1p5pzrauqfeh4uj7zjv558lvaguz8qx826ld65a7e6g33u24rgl8gqae0xqr,860,0,860,860,0,928270,2025/12/17 21:26,safe
bc1p5qfj2f78skzkvvhcr5efjm2d0fz5d0q9v8eurzkvvstlfhugg2pszudn3h,230,0,230,230,0,928270,2025/12/17 21:26,safe
bc1p5uhsn6wmacev026cxkf5753p8ntmz6t2dn3n88r7tale46d8z52q29lsr9,2,0,2,2,0,928270,2025/12/17 21:26,safe
bc1p5v9q8rrk37qdcw7rytq35jtx7cppmpp57zetec2wradnv4nwh30svmmlsm,812,812,0,0,0,928275,2025/12/17 22:02,safe
bc1p5wasd6pzq93y5ejglazm0444yarl70hm2jnm8t3s7057l433lqrsh30yk9,1,0,1,1,0,928270,2025/12/17 21:27,safe
bc1p5xegn2amsrw29afjyh6ghrr94mg9cjtppwj2hw8eympac7ap8a8q9udh6l,1,0,1,1,0,928270,2025/12/17 21:27,safe
bc1p5xkxae0mexxw6yjhhs9khlj7qzhl8la4vzv0hg6sdp9ea56xu34snvch79,1,0,1,1,0,928270,2025/12/17 21:27,safe
bc1p5ydlj4wmpx4pd4jjrssd36erx2x3jz6gyts3hpv9tl8ut3gp72nqp5vjju,1,0,1,1,0,928270,2025/12/17 21:27,safe
bc1p60ugcahu7dnsvtyzty9g2yje8lgcmtcs3pq6g5waafvsp5m8wk9smf5tz5,1,0,1,1,0,928270,2025/12/17 21:27,safe
bc1p62edp75q5lm69q6dyusl4748yrm22stt2fmf5n2869z96qcd5afs9uneyx,1,0,1,1,0,928270,2025/12/17 21:27,safe
bc1p674ugsk8mu5xqwa7fw7rd746rn7zlfyzek0hd8kpz50cmp80lchqkdv2f9,1,0,1,1,0,928270,2025/12/17 21:27,safe
bc1p67e6u68xvz7cmrqk5fcg6fpuk3pu0xgs5gfn9pneh3y9llrmnfyqmexrmj,1,0,1,1,0,928270,2025/12/17 21:27,safe
bc1p67ffjrz7zyc7dzlcq8slqf4w7ntdectllxgf2fn2srdljlvj28hs9wzq8d,1,0,1,1,0,928270,2025/12/17 21:27,safe
bc1p685u2szwgfp9uzkz2fl94vn3tcldktttsclqzwl373yq6d3pku4s5xnp25,2,0,2,2,0,928270,2025/12/17 21:26,safe
bc1p68c9f8n5ve2kpddvd64hh8hm8wwqtlaqslsj0hmw9gck7c4df93q0j2mgd,1,0,1,1,0,928270,2025/12/17 21:27,safe
bc1p68ypkdwdp7g0l8n0yzwuydqv5rg82xcahey7htgwyyhk80jhppsstul57z,967,0,967,967,0,928270,2025/12/17 21:26,safe
bc1p69k5epg77rkxrxmj50e5llzgkpglgl99r2vhrnzwkf3v3nmda23s9t2fs7,100,50,50,50,0,928273,2025/12/17 21:37,safe
bc1p69rezfn6g4evglqspxwjzd4j4vnx37g0y349w2wcqrckpvwjzpjsqwl2d2,1,0,1,1,0,928270,2025/12/17 21:27,safe
bc1p6c2xxljudsm0ptkluvzhqd5m6kqdzdr9uw7lj0xsf94t2gar7qhqm59sdl,1,0,1,1,0,928270,2025/12/17 21:27,safe
bc1p6gt4zswc2dvpuny2f5wjgxhqd2yy6ce0tvq0as0wq52f535weffszk7qj8,1,0,1,1,0,928270,2025/12/17 21:27,safe
bc1p6hfet9e02nujmqktzjtwew99ma4ufkfkfc4n36pzd7dp7mn5acfstytehe,1,0,1,1,0,928270,2025/12/17 21:27,safe
bc1p6hx4m4f28ahwc6n9vyafnp20hj7y5hvwjlqfjrt92j5nsvccaunsygswev,1,0,1,1,0,928270,2025/12/17 21:27,safe
bc1p6kvw4wkhh6ez7ddjmjhrnjufy5aug33de99aq4rvl46p8ef487dsszd967,1,0,1,1,0,928270,2025/12/17 21:27,safe
bc1p6kvxqn3nyu6dql9f9rkzyyk269rzmmlfh4zkl8ymcd9gqpusxxysnrm66x,500,0,500,500,0,928275,2025/12/17 22:02,safe
bc1p6nzz72zh3tzq08d67cgcxxm9pk656r3y29a6757cg67vy4py7cqqtjjy4y,1,0,1,1,0,928270,2025/12/17 21:27,safe
bc1p6q494fzjwkv5lwea6nekumghwllmp02dt2xw6n7v2v5gz0tmlnjswavxkf,1,0,1,1,0,928270,2025/12/17 21:27,safe
bc1p6tsf6hymrd5v3dmy5nsfn30ysfl08jdcgtal4e928xrqt6zcjukqjtghfx,1,0,1,1,0,928270,2025/12/17 21:27,safe
bc1p6u9j4gwuvhgumgrldg4s6nxdshv50z6dsj7565v6s0yzn9kvv7psyvc526,1,0,1,1,0,928270,2025/12/17 21:27,safe
bc1p6v05m8ejn4ggs3gmt8a4rhwg97acevupj4uae7dhrz3z4yd2ak6srsjs48,1,0,1,1,0,928270,2025/12/17 21:27,safe
bc1p6wp347vnxulw7gxajv0f3t3lsvfs6t0tpnp2n4ennednpapm0khq7jhqad,1,0,1,1,0,928270,2025/12/17 21:27,safe
bc1p6ya8r0nyqr9m9jfqh5gygewuqrz03cmarcjr0ug09d6exf37sh4s35khf7,20,0,20,20,0,928270,2025/12/17 21:26,safe
bc1p6ydcfc78qa87llagsrdvm04hrqtcskga6yj4qvpntg8h5ygza6uq6s5rlw,1,0,1,1,0,928270,2025/12/17 21:27,safe
bc1p6za4s37vflzcsd72qczfr24lgd2gym6cznppjecdgclacqj790ts5w9ts2,1,0,1,1,0,928270,2025/12/17 21:27,safe
bc1p6zefw9juzdx6w7qdkadyd7lt7wu408c83g8cf0ht62yzxc02jljss8lqp3,1,0,1,1,0,928270,2025/12/17 21:27,safe
bc1p70x2jqm7h7sjx3p64c8zvus0zwnqvzcxmv2mtpuj4nphyzveqygqxnjk9p,1,0,1,1,0,928275,2025/12/17 22:03,safe
bc1p725tx23k559jd5ettcdjlg5lu5plwnsc3gf865lpr0wyfahrh20suc0qlh,2,0,2,2,0,928270,2025/12/17 21:26,safe
bc1p78apmt4qgsz4amvs27sfe7zfuxf85vsv37gfqk73cp67z8amq9csqd5jc7,2600,0,2600,2600,0,928270,2025/12/17 21:26,safe
bc1p7es52069hxzh36c7rr37krc38xuqz5tck8r6hx63ljueutxsxt5s83dnx2,1,0,1,1,0,928275,2025/12/17 22:03,safe
bc1p7gjdfvn89rcftvher0wscrh5xkvtxazpegxslhesdu79aw49elnqgega3j,1,0,1,1,0,928270,2025/12/17 21:26,safe
bc1p7j7ncvtyfujftrepagn557y2yw305z3euccml6jszczs7a2upf3sr59xek,230,0,230,230,0,928270,2025/12/17 21:26,safe
bc1p7k9qw653tdr725ly369sdmw8k4084xuyc8ppxn0stz9xeqvfkl2s97f0dn,1,0,1,1,0,928270,2025/12/17 21:26,safe
bc1p7kv7ws74epwd3fa8yg9np7shmjegf48mf2njpkgfpgt6dgaxq54ss5ezeg,10,0,10,10,0,928270,2025/12/17 21:26,safe
bc1p7mzt34vfr30g0mryt55ehdx6ee9xh26acxd7jmj7pnv5qc7ysjpsj03hpy,46,0,46,46,0,928270,2025/12/17 21:26,safe
bc1p7p3lml0uc8hrz9fce45grahzrh2ufj9q6508c99v7dfdl65ptjqsm82z5p,1,0,1,1,0,928270,2025/12/17 21:26,safe
bc1p7qja4rzpzt86pt7tz7mkny9nda29xrvxqw0uydr2cqz6qxgffm9qysk9s8,1,0,1,1,0,928270,2025/12/17 21:26,safe
bc1p7s9j8uy3hdh7s0xg5ywrm63jux04z26pzae82h8lu08hklra4vvqzlxgke,1,0,1,1,0,928270,2025/12/17 21:26,safe
bc1p7tfe5xcuhq5fqzfxakmz4d2xndy0qt9fu7xzttuj2mmc25p0z9zqzye28n,1,0,1,1,0,928270,2025/12/17 21:26,safe
bc1p7ul4vhwgxvtjz3g5um6zx8mnh984vafflvj05mw6z8teevm8slgqe8q8x3,1,0,1,1,0,928270,2025/12/17 21:26,safe
bc1p7v3wqpzdw827kdfvv5jxjpphy823fxty9345zknf445hn39yp4lsctxu2p,1,0,1,1,0,928270,2025/12/17 21:26,safe
bc1p7wkeh60qzn2vt8w2qsh29kh302ew0az6p8clyar3r785003jzguqrrzspw,1,0,1,1,0,928270,2025/12/17 21:26,safe
bc1p7xc79dpw87ugnlx9dkkrdvrms28pla5xaw6j6jrtd284ju8e3r9s0a5xk5,1,0,1,1,0,928270,2025/12/17 21:26,safe
bc1p7xm37ydttjtppnamzh5jlnh7mqlq64r4qw9rx34uq564swlvgrusaze0hc,1,0,1,1,0,928270,2025/12/17 21:26,safe
bc1p7xnvmmm6ckx86xp802ny8gtzw6kaex6r57xlanp7lganeyajn9kq5sda7a,1,0,1,1,0,928270,2025/12/17 21:26,safe
bc1p7zawfm4tmxugmdl8su3jmgd9w8tw0h29klwstqkg9mlrffaf8szs39as3d,1,0,1,1,0,928270,2025/12/17 21:26,safe
bc1p7zm34wy9rrt9xzvsm46mjjjupy38kvwu82ewmck8c7wn0smquxaqywvtay,2,0,2,2,0,928275,2025/12/17 22:03,safe
bc1p82vsgz4l4wrgn06fn262s0je90gwg40czmup77yw0sg5aqak23rqden30a,3187,0,3187,3187,0,928270,2025/12/17 21:26,safe
bc1p84hu975l68vf4jflz50m252w8xfzhfq8v7qezzcqvcuc38ake9nsrtfnk7,1000,500,500,500,0,928270,2025/12/17 21:26,safe
bc1p85kast4mpjlmg2mtea0pucdmydq8yn0lenvfkdwytfa77fnc0rws75cz5e,24,0,24,24,0,928270,2025/12/17 21:26,safe
bc1p879j6q9cxfas57cp7jrj5ma2ucupggu2fpv9636rnz7gzeyygu9qh4f7ku,1,0,1,1,0,928270,2025/12/17 21:27,safe
bc1p87fqkuth30vaq3n45qzjc7kv59ggeuea8qva6q6w8hpdu6sy4zmsfpulqu,1,0,1,1,0,928270,2025/12/17 21:27,safe
bc1p88cjzwk362rvht2dgqpr2zn0suym5gj82rvksx6ruk6lcvrpd3fqpf93mn,1,0,1,1,0,928271,2025/12/17 21:27,safe
bc1p88ufgc2f4dmqh32dx3f45x3p3lk38zngsy9028lzsjl3m2lzms2q2xn7f8,1,0,1,1,0,928271,2025/12/17 21:27,safe
bc1p89kmsl7yknm8xrml5pjzuw72urxlc9kx5et6ulg7ntyl08sscx5q5d3e4g,3,0,3,3,0,928270,2025/12/17 21:26,safe
bc1p89s8yajptjp7cs5auj63crjy47s23uw0n3lacnrcjd5nfnpqr0tqn2tx03,1,0,1,1,0,928271,2025/12/17 21:27,safe
bc1p8a9rsf064zl5ayse9lg8kksd8j8c83ldaq7ldvyug4743lq0e0aqm37ca9,3,0,3,3,0,928270,2025/12/17 21:26,safe
bc1p8dmuduuclq2pphpa2w0jcht9v3e5c0tujhr2aqjsd9ppyq7mhngsqvethu,100,99,1,1,0,928273,2025/12/17 21:46,safe
bc1p8enk85y8xfmp5r03wzrcmsmg7f6eguxn8vvxsrd857l4exeuguust2ha3h,1,0,1,1,0,928270,2025/12/17 21:27,safe
bc1p8ffgtksuxtktwr5pr60lfkyq97zg8nsadgjv8fysj99f0a3aczmse3aeld,1,0,1,1,0,928271,2025/12/17 21:27,safe
bc1p8gdt9q3eewt0hl8rkgqkt0u0y2x7twxcrtha4khagk8m3pg06syqn25uk7,5,0,5,5,0,928270,2025/12/17 21:26,safe
bc1p8gqkdv453k5s67xg3aeq935trnj23qnjw948lqe20u2rm2nmm79s45f63n,2,0,2,2,0,928270,2025/12/17 21:26,safe
bc1p8h3xrd5zhrx7p9e40wa949quxgprhx2uugsuxgs33xcu6y6xxjdsh4p325,200,200,0,0,0,928270,2025/12/17 21:26,safe
bc1p8k90ltrrwzwgu86jhckzjp7l86q56ga7l6y6672kn87fzd55gycs924wfv,3265,0,3265,3265,0,928270,2025/12/17 21:26,safe
bc1p8lmtqevpsgpcjcng5neg7dqd3m6mkh8wts3jgsqz7xskal9kqmjs7crmjt,10,10,0,0,0,928270,2025/12/17 21:26,safe
bc1p8n80tsqccanl4a7w3e3f5sw86ftz9cevmd24tp8jmuqj5nzy97gqmkvsgq,1,0,1,1,0,928271,2025/12/17 21:27,safe
bc1p8tv0tt3tye9248040x0c98apclzjwzjzf3gmnjvzsjynj4memylqarmnjl,1592,0,1592,1592,0,928270,2025/12/17 21:26,safe
bc1p8tvpnley6at9s0amyt5nxp8s7k3w9ahep5p7gmxq0wmf6dkk8urqr75h3h,1,0,1,1,0,928271,2025/12/17 21:27,safe
bc1p8u0udlr2ercmchhyxphca4t0a5kaz0ka9sr69sgwg7ryfqd40axq5vlz8v,2,0,2,2,0,928270,2025/12/17 21:26,safe
bc1p8uqa5makv34sq84k74j5k3whphxfq4adehcvf5e8nkekfm0jn20qfvtkgu,1,0,1,1,0,928270,2025/12/17 21:27,safe
bc1p8x2rhgxz2tpzw4nery9cfqmuv5penangtqev0mrzxq3rjulhutssxkt8mm,1000,1000,0,0,0,928270,2025/12/17 21:26,safe
bc1p8y6ke7hnd7fxfwuuzt06r475dasjqclwws5nctvadnlrr627krrsyhkr8c,10000000,0,10000000,10000000,0,928298,2025/12/18 1:17,safe
bc1p8ye25ymvqyrkl8qavdswqavvfyhhfyns2txmfxa5x7vjalm0xa4q67xwpz,7,0,7,7,0,928270,2025/12/17 21:26,safe
bc1p8z87mcfq3hmrm7uc0s008mm20kxvkv9dyreh2wkj8ne2z4zualvqk5qc09,1,0,1,1,0,928271,2025/12/17 21:27,safe
bc1p8zdvvhsturedpvwvdx8yzd8ght2ffqhaggm30ynhl3xludlu0ksqdfzxgx,6,0,6,6,0,928270,2025/12/17 21:26,safe
bc1p90jjfla063d6qskjhfzys6mppx9jpu7trrdrnl9223a7yavglnls7cw2z4,100,50,50,50,0,928273,2025/12/17 21:46,safe
bc1p9328hcq2kddxvwvqyx3rac5txes8wvgp8vhuwr6ly8fv9lql6mtq8lxgg7,1,0,1,1,0,928271,2025/12/17 21:27,safe
bc1p93eruct73g4plrur8p4py9qrtkzht6l4syjdfc7nn6gm3lwpe4js5hs0e0,100,0,100,100,0,928273,2025/12/17 21:46,safe
bc1p97uv22hymte760ctdlh7y70mn24syl2fxhjecmw636g0ruheckeqz8qu8r,1,0,1,1,0,928271,2025/12/17 21:27,safe
bc1p97vpw0x3lfjf88jxkwx2dmup5c4vzuukftv4znhzyhwhse9gj5csejlstv,1956,0,1956,1956,0,928270,2025/12/17 21:26,safe
bc1p995s5d3dxvdc304eh398ejtalsr4g8nu2yhzagz4cne75ux8v0uqmcvvxt,1,0,1,1,0,928271,2025/12/17 21:27,safe
bc1p9aqc7myqr98rd4cnrmn2vj82fh9uq55duse9kv86mss83nf2pytqp4pveq,1,0,1,1,0,928271,2025/12/17 21:27,safe
bc1p9c05y9a2lsugwa5f4t37yldgr0499gqnatyfcfxetpvdsjrxpuzqd5ayer,1,0,1,1,0,928271,2025/12/17 21:27,safe
bc1p9ct7x85fh77m3fnwetr70xvrkt69tl58wyzmas2tjlvn043wxkfqlkldle,1,0,1,1,0,928271,2025/12/17 21:27,safe
bc1p9es56v3tu584dung56y0k4pfpgwg22v4ed8jdvg7dlgnvuzte9dqswq3wr,1,0,1,1,0,928271,2025/12/17 21:27,safe
bc1p9kclkqgjlumr2jdauyds25y2vu0wnaw3t4q6gr970ysz49utzzdsm6vqs7,3,0,3,3,0,928270,2025/12/17 21:26,safe
bc1p9lsxwusx9l22l3vq8kgd0qsec8p0eufg7xx6eveypvyv6pj7cftq6my5z8,30000000000,30000000000,0,0,0,928291,2025/12/18 0:38,safe
bc1p9m4m3tks34ntame7l5fwaslgf09tprpllwh8fzshrjp56vryy4lswa5zeg,1,0,1,1,0,928271,2025/12/17 21:27,safe
bc1p9mksys2rszh0h524xy3y764jn2w2ylhu2kcfushxjr0m7ctvuzzqgah807,400,150,250,250,0,928270,2025/12/17 21:26,safe
bc1p9paxs5nnfgudqyxme95ycmn2pnasnfftjnlwjhk26dtdwqv8v9cqv3csze,1,0,1,1,0,928271,2025/12/17 21:27,safe
bc1p9pehz3pwrtv4w0mvmhe98y4k6pl626l4ljgnmsfu9eapen2dffpqqlprmu,1,0,1,1,0,928271,2025/12/17 21:27,safe
bc1p9qdu7eugkp7pyds64dg5d6eecnrskvmqcwxvzq6l0x69pxmwejmqu67vtv,1,0,1,1,0,928271,2025/12/17 21:27,safe
bc1p9qryhltphdr5cfftch7phdylavu82x25gtt8kx5fszd5pn5zkuwsdgtxkn,1,0,1,1,0,928271,2025/12/17 21:27,safe
bc1p9tykq5zg2j57vwcn027ekpcraz3dass4unjmrqte8w5emnxcvnrqydr38j,22000000000,22000000000,0,0,0,928292,2025/12/18 0:41,safe
bc1p9uyt0mxy770657hetv6ny4nfe4ts2d96x0zu8wedalumu8p0tuvqtpp9vm,1,0,1,1,0,928271,2025/12/17 21:27,safe
bc1p9vgtqhuvwlyd953gqn63wnafpp85te8uj6elkl5as42rgeshy30q9k8mfy,1,0,1,1,0,928271,2025/12/17 21:27,safe
bc1p9wdcxj26sygwfx6qf2vudlnsvf3w528uxgle2s804anwwlldh95s04z8la,157,0,157,157,0,928270,2025/12/17 21:26,safe
bc1p9we0xcfn6lez73knqtneql2up3z65l8fvd8am2p79lqhuj0yuq5sn7n39k,1,0,1,1,0,928271,2025/12/17 21:27,safe
bc1p9xhw9a7ty8w3hw2m54460gfg8uazl8rrmftf8c4gz775dzfw5a2qn9dkv4,1,0,1,1,0,928271,2025/12/17 21:27,safe
bc1p9yw07afk4vcsdzvh0tygakg4yu9jeth97as4vhvgqtqa90lnaghscef62v,5000,0,5000,5000,0,928270,2025/12/17 21:26,safe
bc1pa04wettc3thhhpw362p2a9kpqh8ajut8xntqwl04ew97yu9mpylqq68ryu,625,0,625,625,0,928270,2025/12/17 21:26,safe
bc1pa28vzk3h87cd993xrcw2t9x0m2rckhm48kwt7lrqrj47chcah5ks8td66d,1,0,1,1,0,928270,2025/12/17 21:26,safe
bc1pa2km9nvd2kpsdh0s6j6syc2rntp0g2we80mgcf3dw9yk7k64h0gqxh8pwy,1,0,1,1,0,928270,2025/12/17 21:26,safe
bc1pa4sw39k3sfa5lahqvmhh53kcquju48akul0g50lsyunhtwtqcalqpwqzan,2873,373,2500,2500,0,928270,2025/12/17 21:26,safe
bc1pa5pjc8r6j6669ph4w5wmth44ce7mlga8ca6dkylyevldkt7qjq8qgdsuwj,3,0,3,3,0,928270,2025/12/17 21:26,safe
bc1pa856kwvdddhzs8pjglsvv4qvstv72v2nt9cgr3tm7tlr2s04md2q9xwnpj,1,0,1,1,0,928270,2025/12/17 21:26,safe
bc1pac7csjuu2serf9jszpf6wzzh0md8nm5r74wnhs0fvzlg0mfcq6vq99khtx,1,0,1,1,0,928270,2025/12/17 21:26,safe
bc1pacu4hndla8dgfegcgkcfx4fsc53zfjk9tdlxj70l8vtlk3qpe5vqfz4cys,2,0,2,2,0,928275,2025/12/17 22:03,safe
bc1padvrxyu3s7hjmmsrp9pgapn50pnd6s5qg2pzeldyxtwatxapq9mqfz0yz3,5,0,5,5,0,928270,2025/12/17 21:26,safe
bc1paepvspgklx2tvxuzy06kjh858qpk5cq9krt584xsvr9yashuw3usjnf2cy,1,0,1,1,0,928270,2025/12/17 21:26,safe
bc1paetnnc5jl6dkug2gc5jejrm0nayz4q9gnv085dskx0qmrgmerl6sdpj7g0,3,0,3,3,0,928270,2025/12/17 21:26,safe
bc1pagu9tjm865t3r77845zhjuuh7226u3ctg6qlssvh2edjjh6utgds9t0098,1,0,1,1,0,928270,2025/12/17 21:26,safe
bc1pahx95ynjlv26tkhu0kh028dmpx90ctjpm9z40xgkpqgl5k8fha7sw4u980,1,0,1,1,0,928270,2025/12/17 21:26,safe
bc1pahzx54v583ndxjxtqwdyjet4djwuhp9cl870g8ttct4ng35heu4s6xm0kj,1,0,1,1,0,928270,2025/12/17 21:26,safe
bc1pajnf4fffjp3sknukq98dgh838ewp8suxfl390s23kz8wpexfchnsrz3ljt,2,0,2,2,0,928270,2025/12/17 21:26,safe
bc1pal3cu8jy99r57kyaqlrdfkfg65sm96lfhmked9nwwqamfd2t5ehqq7cdty,1,0,1,1,0,928270,2025/12/17 21:26,safe
bc1paldnql995cf6ag9yllv0whxaudqw2f9lkel6n49e0hthspwa034qv3y3af,1,0,1,1,0,928270,2025/12/17 21:26,safe
bc1palmftelxjsrejm43w43p2qru5pya9ef0ntux2f87ass57lnfhfuq60xypq,1,0,1,1,0,928270,2025/12/17 21:26,safe
bc1palwc3xr3wga59a5ef95ulzg06z96ca3jy4sa24w6fpaflfarjxaqlxvqck,18305074209,0,18305074209,18305074209,0,928293,2025/12/18 0:42,safe
bc1pandk0gk6s2vqcnlqcevk2mk4wyu33szpmfq8z0y9dggt9gc2j9lqdaq7s0,1,0,1,1,0,928270,2025/12/17 21:26,safe
bc1papdrd09dfn5e3gt3fpf062sarzvr2s4uc4tn7wn5p73c0zqvd32s2xgu77,2,0,2,2,0,928270,2025/12/17 21:26,safe
bc1paq7wualjrkwafxkawldjmawea2qtmdcgxec0fg4fz4urlfqeectsu6hxm6,1,0,1,1,0,928270,2025/12/17 21:26,safe
bc1paqycaf8fcgyud3vu8kvjlexcf0c7vrk008x0knap3ud67v2k2d9s5ghz9u,1,0,1,1,0,928270,2025/12/17 21:26,safe
bc1par84l4ju7qplgr3mdh8ky52nwxxy47zt0my35jkqfeatc3f4ppdqjhxqtz,574,0,574,574,0,928275,2025/12/17 22:02,safe
bc1parf3tufefl2k6rln6r5zfzjkpea9hfu9szceslfaaydfykxm5hdqmx9749,1,0,1,1,0,928270,2025/12/17 21:26,safe
bc1patnt87nqayefvfm6qz9nvgkt5y2ckewp3wythm2stxyduwp0vv6se9wtvt,3,0,3,3,0,928270,2025/12/17 21:26,safe
bc1paunmkwq0nhvyxy2mqn6j9t0h0hnt0gulzt883fd5n4kgk0lx8aqs54qzs7,1,0,1,1,0,928270,2025/12/17 21:26,safe
bc1pauv5cq8v659fdqgs33vuexvvlp4a8034eg57zruue7rkkcz3tngqfnd7mr,3,0,3,3,0,928270,2025/12/17 21:26,safe
bc1pavpj4l2pg8r8d3s9mnne35l7yxn00rckexdyya8mksdrer0pfazqy3amx3,1,0,1,1,0,928270,2025/12/17 21:26,safe
bc1pavq8pm389jcu6n9tv8evcpku9uyn94pzrq696wqhgnxq5rmt3pesye28zu,1,0,1,1,0,928270,2025/12/17 21:26,safe
bc1pawezrpm28mxe2tjtmdtn7y6hkqrcq6lwl8jjl7peuca0rgcq7cassudvd8,1,0,1,1,0,928270,2025/12/17 21:26,safe
bc1pawjmhk7z99l7t08kh2pvazwyuw2su0jv9v00r6gtfqa7475dce7s2u04p6,1,0,1,1,0,928270,2025/12/17 21:26,safe
bc1pazdydcxf8h4kqsxylsylvncf45dt5z39dp3utgnscrxr2zg80hwqntc5vl,606,0,606,606,0,928270,2025/12/17 21:26,safe
bc1pc0mdlvurf0hwpl58nszlrtuykw9jvawxzny343ymrdnztz5t63xs4m79dl,1,0,1,1,0,928270,2025/12/17 21:27,safe
bc1pc29e4pjut4rce4p9j4e7prhdqhjtq6re46sehgw35mamafxgvaks3d02xn,1,0,1,1,0,928270,2025/12/17 21:27,safe
bc1pc2t6fdgj0ua5lgd7q4088tu42et39wrswnpktu90yfjmpnvlf9sqdwszm6,1,0,1,1,0,928270,2025/12/17 21:27,safe
bc1pc3m0ewjnf79keyarzx4rcy97jgf0u2hwmfv6wl9j5vuc0jgkvzqqxjhywc,1,0,1,1,0,928270,2025/12/17 21:27,safe
bc1pc6luuulwndlmw3whw9c9yyaym8l4ur58kfznv9nlaxdyy8v8yqzsanp9px,1,0,1,1,0,928270,2025/12/17 21:27,safe
bc1pccns5exnyseqfqnw2n5uyh4d4a6yssh8uafawt5huwud2sqk82msxekx4u,21,0,21,21,0,928270,2025/12/17 21:26,safe
bc1pcd3scsg0sr5qmcyhalcgra542q4ehw0e7v866tekexzd63x8x3rqfs6f08,13520.5,10000,3520.5,3520.5,0,928270,2025/12/17 21:26,safe
bc1pcdyw0z3vfft92rddjxch75f5fq5dlsg54lma9cgknxxgq684zm7qhgqnd8,2,0,2,2,0,928275,2025/12/17 22:03,safe
bc1pcfg43jynns99twjjvecgrs6rg9u8x6a5fxzd7wy42u66j7yx0npqnjftfe,1,0,1,1,0,928270,2025/12/17 21:27,safe
bc1pcgezgs2fq6rm3kxy5d5tmaly4zu5yh6hyfc550jq3jwergxfudes2rgumq,1,0,1,1,0,928270,2025/12/17 21:27,safe
bc1pchasjr8wf7ldgmlchl97thjegndz2yap2c00t50mylsh6rqfuj2q6l8lfe,3,0,3,3,0,928270,2025/12/17 21:26,safe
bc1pcjz5vmar9yy8akesehlt2rygurvmsa8slamflm78vqpt7r0g7ttqtqqgn4,13500,0,13500,13500,0,928270,2025/12/17 21:26,safe
bc1pclaccu00s2jqg5rjusg2u5x0gxgcrlxff34szjur2k2xd4fc0d8q0df6m6,200,0,200,200,0,928270,2025/12/17 21:26,safe
bc1pcn08ul0a663thalk924aw7wjsd4f7f03vjgsplhwt3uf60254kasagcymr,1,0,1,1,0,928270,2025/12/17 21:27,safe
bc1pcp4n9sk28jf8v6wd3yvjz90wdfw23rvqex6j6cef35h9hw98rxfsvtxcna,300,0,300,300,0,928270,2025/12/17 21:26,safe
bc1pcp77apaen4mtcs7fezz50wxtvdwwasnesjg0qq84d7egujlx9ajspu7lhv,1,0,1,1,0,928270,2025/12/17 21:27,safe
bc1pcpaxru7j2qjyjltmw46ul3jf6vsq32thue8s4hntyqqsllq2kxxq3f8k2r,1,0,1,1,0,928275,2025/12/17 21:57,safe
bc1pcpl6qx8z0qgste3a27ccqev05l3fqy840v24xmcs8yllznvdmzzs4c8txx,1,0,1,1,0,928270,2025/12/17 21:27,safe
bc1pcqjz788rkn6hf9mna6ueyu5fmavfkp5t2fwfm6kedl6h9x2ndvcq3nu6kz,1,0,1,1,0,928270,2025/12/17 21:27,safe
bc1pcrtw0k8yaasrdfd72tgte8n2vk2m3sx9m8krmqwm0rla8jqys0usl6ehcy,2,0,2,2,0,928270,2025/12/17 21:26,safe
bc1pcrtwwuq53hz66fgh9fc4dlfdy508wc4lq7d5guys5yhvdm2fpqqquk9u8t,750,750,0,0,0,928275,2025/12/17 22:02,safe
bc1pcs7udqptn2zrq7vwnxfdf3v3kk0qhamzu22vjdefs84lyhvvu92suxr0vf,1,0,1,1,0,928270,2025/12/17 21:27,safe
bc1pcsa7a9wnkfa296tkyk86djsp2l8s3q7ze4metcky738vhrrjzf8q4axrrt,1000,0,1000,1000,0,928270,2025/12/17 21:26,safe
bc1pcta5s5rpmfzpxj0r6d05e3zql8kfxmaxftqy9pkeclppmrrent0slpv0js,5,0,5,5,0,928270,2025/12/17 21:26,safe
bc1pctfgwar38x3lam0us97t30pn799xlxkplax8y4e8nuwrxnpd7z6qp9muhm,1,0,1,1,0,928270,2025/12/17 21:27,safe
bc1pcujdk6csts6r3keck3rcl845xjqrpta400qkfnrfl6qv62shq83swsu6lg,400,0,400,400,0,928270,2025/12/17 21:26,safe
bc1pcx2py0wrr85v0wnpvlh2maksgtx7pn4uqt9u9mn0hjp0anjfws7qa9qrvc,1,0,1,1,0,928270,2025/12/17 21:27,safe
bc1pcyzhsqc9a7pwnp42tx6hlyjp3qe5tf5z2yrtwf0ezt07vwwykpnq08s8sn,4,0,4,4,0,928270,2025/12/17 21:26,safe
bc1pd2geg7gwwzh002tnaga00wt65vm92gl82tqnppemqchk796wf6dq046cs4,5,0,5,5,0,928270,2025/12/17 21:26,safe
bc1pd59rxg82rxchuadvsm39jpk8pttamy9swkqg4wtm9zu7qh52wtds9h73vu,2,0,2,2,0,928270,2025/12/17 21:26,safe
bc1pd7wfelg35tfzlzunjjc90kz8v26zdngfketshgx923jkswme00aqrjertd,18000000000,15000009500,2999990500,2999990500,0,928293,2025/12/18 0:42,safe
bc1pdcpfj7ejnw2cmuqvcsmzhdrj9qm4nfalqtdqv87k5zl3jwxpq9gs87rntc,1,0,1,1,0,928270,2025/12/17 21:27,safe
bc1pdey4ryptylr3z8mn57q8salsl3n8q0999v8q6e2utwv66hc8yxas24jx02,2000,0,2000,2000,0,928270,2025/12/17 21:26,safe
bc1pdfhmfpjny8hq5zpemcjrhzgpcm027pcclx3nrg4ramjzpvhjjs3qvv0cvh,230,0,230,230,0,928270,2025/12/17 21:26,safe
bc1pdfk9vlzpxkfgchjgfn9jlzl76w65ympmeze2cmtpsxwwckf8elzs9lnzzp,1,0,1,1,0,928270,2025/12/17 21:27,safe
bc1pdh5kxpjx8gfgsjs35yvple7uunuctyg8srkljvx86dc8cueckx5sj2xrkt,1,0,1,1,0,928270,2025/12/17 21:27,safe
bc1pdhnt395cy4dsjd2xx4l4hgedh7js2kq66wpfrw9jen3tfymmyr4sshyw90,1,0,1,1,0,928270,2025/12/17 21:27,safe
bc1pdhsqagarwr6qrqccgdv3tfhl272d07j52xk0kltud5akdw57leps0m69j0,1,0,1,1,0,928270,2025/12/17 21:27,safe
bc1pdj22u84749gukqy7h0rhz4g5gjsd3y9eahs3tt23jjwhpxjdxmwsld8c0u,1,0,1,1,0,928270,2025/12/17 21:27,safe
bc1pdj4r33crr2eveq9x7wsd4sgr8ska7vwfywtw5ty55pqltq6jgcuqwd6hfn,1,0,1,1,0,928270,2025/12/17 21:27,safe
bc1pdjtr0q4seuapws6r8fg28432aptm7u0jrc0nj6fwwm4xnf5h9x6s7zky3c,1,0,1,1,0,928270,2025/12/17 21:27,safe
bc1pdm5xjf9dp4ryja97ut6q0naggrspwfm4jwa0m67e5ajcu2qe24fqckqnak,1,0,1,1,0,928270,2025/12/17 21:27,safe
bc1pdm9gl8uml8tp97ajt9t32nugx0pggy43940vgctlpkqru5yxqkxq69c3y8,1,0,1,1,0,928270,2025/12/17 21:27,safe
bc1pdnncf64sgg5zzwu8m3uqp9a0servcugdnvys9dq72ljvhd4ux02sdlgydt,1,0,1,1,0,928270,2025/12/17 21:27,safe
bc1pdpk7sm7yq38whptjyf3y70zs43t7fc0ja8spx9wt5r80v9wwzqzs3zv2tg,1,0,1,1,0,928270,2025/12/17 21:27,safe
bc1pdu4dzkkprfmr6a4fgru3kftp2hy500fe8rylhms03s9m2r2rpnwqh9y2ra,1,0,1,1,0,928270,2025/12/17 21:27,safe
bc1pdvgrvwht44ju297442dygtqrsvn99wfcjw5fnlf3texgpm5lhvfs93fca7,1,0,1,1,0,928270,2025/12/17 21:27,safe
bc1pdvpzncrk4ave7c6myzelf6jwfu6df65gf03684mxd3c2y0mxze7sswqh2f,1,0,1,1,0,928270,2025/12/17 21:27,safe
bc1pdw2h3a78k5dt2xjy720n9cgydnatydnwjrac2nfnr2q8yu3ctdcsqzxm58,1,0,1,1,0,928270,2025/12/17 21:27,safe
bc1pdz486xvajgu736hxl6whkyqfnfc58ze7uhxne2y4wasgn9ztgfrqvg3fsd,1,0,1,1,0,928270,2025/12/17 21:27,safe
bc1pe40tse3wwy3q86wlks5cnzuc66t7tztvrpal3fj3hxrtk2kkyglqupr2vn,600,0,600,600,0,928270,2025/12/17 21:26,safe
bc1pe49mrlest22l8ffc26ycw5zteq2exgqc9j77yrh6vmpq4h7qqcasq7v79z,1,0,1,1,0,928270,2025/12/17 21:27,safe
bc1pe5gca066ftngvsdz3hw2ser0923r3gdw0xf6ee6qt5gkdh2ud7cq6m0hjc,1,0,1,1,0,928270,2025/12/17 21:27,safe
bc1pe656hmg8g4ruxkhud5x9v35usuy8yfg3jk6rvnpnnasnjpr8cv7s4fveqr,4,0,4,4,0,928270,2025/12/17 21:26,safe
bc1pe7sxx5y2f6dea660n6yg4q6wcunj58zugx6j850cjgd3mduqjtdsd3vyqg,1,0,1,1,0,928270,2025/12/17 21:27,safe
bc1peatq4tq8jgxvhcyfp4grcut9swr8a96skc0e5qggmy9d3w58aavs54l9d8,1,0,1,1,0,928270,2025/12/17 21:27,safe
bc1ped87fmp6xkae85090qqeewpjf9lute94p4zvwtntre33g37lzessrm2cfk,1,0,1,1,0,928270,2025/12/17 21:27,safe
bc1pedhtl2er5g6wamfr2uarzkq9ydfvf4y255cn50yekv6nxu0k40ysvpha6e,1,0,1,1,0,928270,2025/12/17 21:27,safe
bc1pedtq6zp33eqtsu860put3r6skwqqhtktlxnddq5kgf7pfx5fzcrsrqp0xy,1,0,1,1,0,928270,2025/12/17 21:27,safe
bc1peh4t3072vk7uzqpjwvwals04u8vdd0as2ywhajx26qa7fa3emffstt2r43,1,0,1,1,0,928270,2025/12/17 21:27,safe
bc1pehhrdaccma5ypaa82pxl8adn5acqf6lguzm8hxlcqlh38hf3090s498vfu,1,0,1,1,0,928270,2025/12/17 21:27,safe
bc1pemy58a3x04xegeu2zpsew0s8pfm3wt6vxq7lc4j76y2nqzcaznws0x9lh3,1,0,1,1,0,928270,2025/12/17 21:27,safe
bc1pend045ky2wcxnphv93ndlz4659cr8sp0zt4hvht5r5stgtav40sqf820dk,1,0,1,1,0,928270,2025/12/17 21:27,safe
bc1pep5epl7p3fwsamuvgn6twsuctkr7vj22dlxmfn5y4pnxkhyh6wls3e70h9,2,0,2,2,0,928270,2025/12/17 21:26,safe
bc1pepl7ff96jgvn4y9jfzdwl2j57jd6lxdtqq6rnzha0r07u64fkkgq4p6xjc,1,0,1,1,0,928270,2025/12/17 21:27,safe
bc1peqfee6h5rz3wpassc7pya8x5uzy50plyfftjjq7r533d4dvk3p3s4pyenc,2800,0,2800,2800,0,928270,2025/12/17 21:26,safe
bc1pervu4u3qmvjnsgmrep88e6nr37p433pday2cc2k4cncqzkp0nwfqy3vtwp,1,0,1,1,0,928270,2025/12/17 21:27,safe
bc1peurn73q3auaf0m7qh8dvwus2uczclu4p03mnfupa74wp8tzq7p6qp6qel3,1,0,1,1,0,928270,2025/12/17 21:27,safe
bc1pewpu0jx85zgn9a8x0d6g673lp24afh9wpgh29ku3e27k93zhyvysv8w33m,191,191,0,0,0,928270,2025/12/17 21:26,safe
bc1peyg6ccks6umt7mv4r8et6jeku7n8c9hrpdldt0n46txu4ug4xtcqtm77lx,220,220,0,0,0,928275,2025/12/17 22:02,safe
bc1pez6qwmal2pzc9zkzk0pvh907vkxvec9cyn4w98drpecayvlcgwsqnp2ewy,7560,0,7560,7560,0,928270,2025/12/17 21:26,safe
bc1pf02yfrue8fms6qdef3e05dckgapcltl5fc9u27ae0smuwa9y9fcqr0fg2v,1,0,1,1,0,928270,2025/12/17 21:27,safe
bc1pf3n7xvvzx6f6p07lyuxkt6gaw0srpp74sly64mvtx9g6m3t4tfqqfnz8jr,10505786,0,10505786,10505786,0,928297,2025/12/18 1:04,safe
bc1pf4a0v5py5duqyv2vcrxdqwfp66r2wmzmkpl87sya9nqc5aply5ps5d5wn7,1,0,1,1,0,928275,2025/12/17 22:03,safe
bc1pf4hrhs8fv28vt5v93pr6e8jgrqyt7gz6anwn7ul0gs86hwn7mu6qd3lr7f,49000000000,27000000000,22000000000,22000000000,0,928291,2025/12/18 0:36,safe
bc1pf4jsvfska6m2vzg4m9len3u8reczlwxhnfg4dz689nws062ly76q220ac9,1,0,1,1,0,928270,2025/12/17 21:27,safe
bc1pf4yrevd980ccgm9hx7x43eu0yjlpd9ljcc550wl3yj4dq4hyefqqfcjzcm,1,0,1,1,0,928270,2025/12/17 21:27,safe
bc1pf57y0e89em9ghj0xp0wqmytvvjygdsdd4cc3m4kz69hjy9pr8pfqepqnd9,1,0,1,1,0,928270,2025/12/17 21:27,safe
bc1pf7cq6h79gxrkrs2umsxcy068jwljf6t5gursuvj88pss864jcpmsd54m6c,1,0,1,1,0,928270,2025/12/17 21:27,safe
bc1pf9vkk3unh40mr8ccmuj75ulkrk4slhws8vqckx0jjv3zqsunkgzqwejyvj,1000,0,1000,1000,0,928270,2025/12/17 21:26,safe
bc1pfa0cxyy7hujfg0ytns2egtqmw8958wrjmk3p6jnt2vfxxspcqxeshf3kxa,1,0,1,1,0,928270,2025/12/17 21:27,safe
bc1pfajc3skr8hlzgjvr89q72csrjdtj2ck5pejvx48w2sletev5k7xs2220xp,1,0,1,1,0,928270,2025/12/17 21:27,safe
bc1pfav724shzaq29qxf7a9884m8lc35fktfur5upvz06zprpqwh5a2svxs798,56777777777,41000000000,15777777777,15777777777,0,928291,2025/12/18 0:35,safe
bc1pfcjfxhw2dkukmr907yjdugg2ywwdthyrwxwakg50hz5jmlusrv5sg0s7u6,767,767,0,0,0,928270,2025/12/17 21:26,safe
bc1pfck84x0rcssht9ljcjklvldyj350d0ea5dj749wu8mgg9quty4xspkmtn4,1,0,1,1,0,928270,2025/12/17 21:27,safe
bc1pfe64yd5cdnq34ly57vpr90kvdetgnkz5xhqxly98raqcmnjv59rs4yd9ga,2,0,2,2,0,928270,2025/12/17 21:26,safe
bc1pff8x85nca9nw5zkwuhna0wrkhrv4gsljdgz8qfls558madyfagmswgja65,1,0,1,1,0,928270,2025/12/17 21:27,safe
bc1pffg3kknmhxq93ajv8rhtezwgsf9a7wx0w5yr22j3mge2t974a2gqqgggh6,2,0,2,2,0,928270,2025/12/17 21:26,safe
bc1pffh5tteg6wf6jvguxkja0mzexnp9dp9ws02jg52lmfjppd7kxnrqy6z94w,1,0,1,1,0,928270,2025/12/17 21:27,safe
bc1pffhrsnjc6zfazgulcakwm3v5jpzg4r522n2qjxeuqgexcq2g3f0sahrptl,391,0,391,391,0,928270,2025/12/17 21:26,safe
bc1pfg7j459jwjj0g6cjuj4k7mkty0c7n6kgn7qe9ktrhf303yl4gnxsrwv6gn,3,0,3,3,0,928270,2025/12/17 21:26,safe
bc1pfgeqfqjh50pz5zjhxqq78238f4gqvd9l95xmfrv86qj9qrtmwamsc3hetg,1,0,1,1,0,928270,2025/12/17 21:27,safe
bc1pfhl26a7cr3nyvc2fpgk0h0d00nvj4g6srv63vz5wr04tyms6lgrsftcx07,2,0,2,2,0,928270,2025/12/17 21:26,safe
bc1pflfnn44hu4twjmunt2gjqa4pnepsqqe9chtaccf3x2nrp4gv6avq662cq6,1,0,1,1,0,928270,2025/12/17 21:27,safe
bc1pfmfpnvd5tw6am33h8qypxp438w49tkccnzjh3zwrwrpwwehj2rjqp4xk9s,1,0,1,1,0,928270,2025/12/17 21:27,safe
bc1pfq3up4rkqk3yjd6vgcu8uvpyr36jw7eu8mr7m8uap85ujgrm83tqh2j5x9,3,0,3,3,0,928270,2025/12/17 21:26,safe
bc1pfqt5pc2hh53v6wusvvc4xvmtz3vzzd64shx7cy953k84wa27ka7qallvmp,1,0,1,1,0,928270,2025/12/17 21:27,safe
bc1pfuuwmy3xqs4lft9pdlnqz8925tczcu4u8cz3xcrhucajd9de8m0qppf4t3,1,0,1,1,0,928270,2025/12/17 21:27,safe
bc1pfv7h0eyqq7zssyxcvpga5265ms76upfa7jvmmczkejqtxevtp9cq530y64,1,0,1,1,0,928270,2025/12/17 21:27,safe
bc1pfv8mg478lsrwg2lqqaajpg37lzhjtrtq3ftpu5uahw0vwuplc4rqhjja4p,1,0,1,1,0,928270,2025/12/17 21:27,safe
bc1pfwalecc5rwpqqfxrscasgrvy5rwp0xqw363kn98jpuz2qnfj3elsr7sv4h,1,0,1,1,0,928270,2025/12/17 21:27,safe
bc1pfwfhupdq8sqjjwk0kx6r6pjk8ac5ax6h7ptr8tshhehh4rxru9kszx982s,4,0,4,4,0,928270,2025/12/17 21:26,safe
bc1pfy68ag429jtcxhkr3035pxcfe0u9up238d5yy9gdljs2xvwd4fdq6dh6m2,1,0,1,1,0,928270,2025/12/17 21:27,safe
bc1pfz8e037f9gsj5ck9f2hmcfx9g50encamvl6ktqz8lkt8kk65krwsvytwut,1,0,1,1,0,928270,2025/12/17 21:27,safe
bc1pfz8s0es7dpz8v05ly6wdxwkqqxxpntrvtcaed6hvxf5jr5xdep9qyg9eyh,1,0,1,1,0,928270,2025/12/17 21:27,safe
bc1pg2qnhcm32vwwl0kca84lgvezy0tt0kwmkgwka4hxl0xj0mrjthcqrv6wmp,802,0,802,802,0,928270,2025/12/17 21:26,safe
bc1pg40rz0a0920pn30cpak500s8pdf8dncata9vgty5raae02ca9t7sk3jdpp,48,0,48,48,0,928270,2025/12/17 21:26,safe
bc1pg4pje6qqvhvt897g6levqp6swy34u4ac8cmd00l4ymwp6aga8cnqsuc4f5,48,0,48,48,0,928270,2025/12/17 21:26,safe
bc1pg64eyzzkjq2z4l7k3m09e8cjgqd363asw7rz32g88w5rr8trq98scra8hk,1,0,1,1,0,928270,2025/12/17 21:27,safe
bc1pg6erq40lk62c477tn9n9qm365tpzjvsswnltpqtsta83reexphmqj2fppt,1,0,1,1,0,928270,2025/12/17 21:27,safe
bc1pg724xqmdqzvatsq4th23r726tkxlm2dxd3f5nwkew34szjp5dc7sckj30r,4,0,4,4,0,928270,2025/12/17 21:26,safe
bc1pg9aaqal8s9c22mqt02jhrgejwq5g2h3njt0hlq8rkylv5f8j0d2s4nu6vz,1,0,1,1,0,928275,2025/12/17 22:00,safe
bc1pg9aken48tmm3k32gzyxtx8ufduyz6axxz3u6kp0j32c34stk2lus5jphsg,10,0,10,10,0,928270,2025/12/17 21:26,safe
bc1pgak8q2hjplfl7g7vwawlp8c63mf7hralrnqxdjvtn8aex69kcqgswy7t4y,1,0,1,1,0,928270,2025/12/17 21:27,safe
bc1pgayxrw9h4vemvcw69wchdmnr9ayp0a9xltm5j5wf6yd0znwtvqhs04gel7,106,106,0,0,0,928270,2025/12/17 21:26,safe
bc1pgcrw7shj0ptgm9hftg5dmxan9fk6zdfnpfye5u9mwm9xpp3sz0xsljprp6,10,10,0,0,0,928270,2025/12/17 21:26,safe
bc1pgh35955f9hs5pvm5ptay5657lnrejd94lhdmks3v3rw0q5lxwpcsnuvkp3,1,0,1,1,0,928270,2025/12/17 21:27,safe
bc1pglge4sn0nxd8smr05yc989nlcwc0qc843j5xg03q6qj7z5grn4lqzuch70,1,0,1,1,0,928270,2025/12/17 21:27,safe
bc1pglsq6s232xayklhyy9085xzk0mcqjmumrjavj6xp5ph2neekvytst6hhxz,1,0,1,1,0,928270,2025/12/17 21:27,safe
bc1pgnzqm6jnt6x8ycvtyr29wjxx8pu5zt69v6uhuy8fgqcqnkt3hdnsjrwf5f,1,0,1,1,0,928270,2025/12/17 21:27,safe
bc1pgpwzwj0cj90k6d2rkjsfj32x5dgmuh5y96x2tkcvc823jkr9ls0s35mezc,1,0,1,1,0,928270,2025/12/17 21:27,safe
bc1pgq90wq3w8kuc4pqxckg90rqgqt239pvfmyyk0fannujcgg4sjt0qj8slg4,1,0,1,1,0,928270,2025/12/17 21:27,safe
bc1pgqaesv4hl0tsh72vsmycxl62guhhj6qhe8ggdp5rj2vnxkrykktsu42hfh,2608,0,2608,2608,0,928270,2025/12/17 21:26,safe
bc1pgsfuty3memht0s6s9dphl2a2mc0rcdrrzzux0skad8vr0v2y634qp5k0ss,1100,1100,0,0,0,928270,2025/12/17 21:26,safe
bc1pgtmmhq9m9q0ckndvn0sq39z8dthun0uqq9nc9dc5qen60m5g6c4q9sw0ws,1,0,1,1,0,928270,2025/12/17 21:27,safe
bc1pgv452knvmlgsnvpjja3zyumvej3vm0adzepjuwenw29fu55t6g8qaqvgqq,1,0,1,1,0,928270,2025/12/17 21:27,safe
bc1pgv6dj9z8m77ttm69e9y783lqesyef8f35hnjld5gsus0u4n5alxqnsncfr,1,0,1,1,0,928270,2025/12/17 21:27,safe
bc1pgyl8nqk3gxt5hse40s5sut2vytyfdlfxperxl6zstlsdfn3agnrs7x3rxt,1,0,1,1,0,928270,2025/12/17 21:27,safe
bc1pgzelxluqk8f86a057k3t56hstjwr3rk8s3ykd3ql5d5xmq8lgk3q0tgtwq,1,0,1,1,0,928270,2025/12/17 21:27,safe
bc1pgzxz00hhmg0th87gs9teytnw9lj3m0tq6gh75jj2tlts24wrtmsqa4k2ur,1,0,1,1,0,928270,2025/12/17 21:27,safe
bc1ph0gjfut8fdxngup60zmf7e5464sv3p0ut76q3gdnsgucj665n20qf5amrd,2,0,2,2,0,928275,2025/12/17 22:03,safe
bc1ph2j50tt5zchds7u88vyxtjmsufsljws9mp32gzgkcjlktc2aqndsv6w289,1,0,1,1,0,928270,2025/12/17 21:27,safe
bc1ph3a5sjuh6rysr46ekyr0yh9uyalk7urcu5plz5pnyd9yy6cr7a2s63an32,1,0,1,1,0,928270,2025/12/17 21:27,safe
bc1ph66axn4tk5wvanssw9lfrn4ssd9wwnduyf747ua9s0xshy4wg3hqckx0wk,1,0,1,1,0,928270,2025/12/17 21:27,safe
bc1ph6sp7l7fkd544x5kmm9j2jqss88v4xap5q49cla4xw8lshmtpj0qq2ysut,2,0,2,2,0,928270,2025/12/17 21:26,safe
bc1ph6tqw3jc8sflcstduqjxjewaldt77wfwknpgsfcwj9ajk3jj48vqrsvu3x,1,0,1,1,0,928270,2025/12/17 21:27,safe
bc1ph6v8gjjdmygpk47dh9r8hhsmq9zsxjy6ux9p0wklypcfqdfusyaq8qfr75,1,0,1,1,0,928270,2025/12/17 21:27,safe
bc1ph89vayvfkw3l44ew5uzxzhw74mum0s3e47fxaeagyafenw3n9d9qhewxnl,1,0,1,1,0,928270,2025/12/17 21:27,safe
bc1ph9k0836qqud3qfch7wwuqfdaq7v9ysrr3wvgvf447s2t08t4msnqhjasea,3,0,3,3,0,928270,2025/12/17 21:26,safe
bc1pha4sertew4l09rnys84s2ew2dnnuy9s78ukm46s5g64kndhtepyq3nyc32,1,0,1,1,0,928270,2025/12/17 21:27,safe
bc1phdqg0xwqujc57hl32g0ct5a0jk7fdwhph9q0nnrnu3dvav4p0vlq0tup7e,1,0,1,1,0,928270,2025/12/17 21:27,safe
bc1phe6hxg84zz8vjwr26ych9vcsxe50q20pep8pfn5r7un8534pu3asuuxhek,2,0,2,2,0,928270,2025/12/17 21:26,safe
bc1phe9u86q3n692uu3wuu3kfne9xwtwj03x45hk4t7ff4v0jyy7ukwqppk88e,1,0,1,1,0,928270,2025/12/17 21:27,safe
bc1phejq7ruh00eq3723u0glky9hsuwtt7cl5lfpmw7ylnxlsgkel8sq9gdjju,1,0,1,1,0,928270,2025/12/17 21:27,safe
bc1phfqmsv0dq95asae7pj5cn925hxdvn9zv20lah328kfus3nk7va6qgljc4n,5,0,5,5,0,928270,2025/12/17 21:26,safe
bc1phh5hsrapulccwanru67lgqsjt946h5wr6eckkx5dpcd9fjrjl6rs05p78s,1,0,1,1,0,928270,2025/12/17 21:27,safe
bc1phhv96p93375tkukduhl7t0gwzmq4zv6kkfxxm83agegzeklt8xdqgmng5a,37,37,0,0,0,928270,2025/12/17 21:26,safe
bc1phjv8vlw7fpazjrz6r5ujcjs8ajxuy959j87wm7rskanmw87r5mtqvy2v6t,1,0,1,1,0,928270,2025/12/17 21:27,safe
bc1phkmacmvfhjcl07cqtya2sx33qfzwzn327wm5286y8a75d068uqgskkemez,1,0,1,1,0,928270,2025/12/17 21:27,safe
bc1phlhgc66n908h2g6ad2rv4eprqqxpl97djmlge3v8z5lk0jpuycrs43d9qu,2207,0,2207,2207,0,928270,2025/12/17 21:26,safe
bc1phpvnd59sf7tsz3emn4mcnj5nl27drhr0flgdtgv2pg3gsrvaddvquzdcxc,1,0,1,1,0,928270,2025/12/17 21:27,safe
bc1phssae6mqrfyeum3e5ymqr9wmelsmrvpmmkkyuzzrntx3h7n2lxfq7u6a4s,2,0,2,2,0,928270,2025/12/17 21:26,safe
bc1phv7nqp4sxa82xpa4aavt2f2tkqwj4js6eexuz2vnh42ajmdpa9hsflaz65,1,0,1,1,0,928270,2025/12/17 21:27,safe
bc1phv8lvcpmer9n374fj9zexpmj35dtct7jvdj53rku04494s44xgqqyxmje3,1,0,1,1,0,928270,2025/12/17 21:27,safe
bc1phx04x3cwduk70m6le5va6t0s9pjj9q60ge3x0ss68htmyvxa597sds6jyf,1,0,1,1,0,928270,2025/12/17 21:27,safe
bc1phxgxmaxfxrdjf4kwtkshzw22e6dahdk3z3q7e2zyz9te2v62qf3q5a66ye,1,0,1,1,0,928270,2025/12/17 21:27,safe
bc1phzcfsf6t85zhk3tuzmypmghwxdfrlagszpndknvttjhxe0jnz70qfqer8h,1,0,1,1,0,928270,2025/12/17 21:27,safe
bc1pj02zf23n3t38mc6v3hj6rlsrtcurw67t8qweqgelhzmsn325w3qqt2rwg2,1,0,1,1,0,928270,2025/12/17 21:27,safe
bc1pj2f0j9wxg0e2np9qk08nazq7uy3dug67kc3sy7682ddt9e27zdysrpd2cr,1,0,1,1,0,928270,2025/12/17 21:27,safe
bc1pj2hpl22hj3pluq8ejkqf4n757d30y99wc4dv806d3tyjlu8u7zpsnuwh3u,1,0,1,1,0,928270,2025/12/17 21:27,safe
bc1pj3j90t682262dqdcjlafyryyygw3gu60z7x6pcqmvjh5dph6drzqn9a99k,1,0,1,1,0,928270,2025/12/17 21:27,safe
bc1pj4muumhua8lj99egu752qnuaxe98mxekdnyz453jveyhlew569wqpmeqjf,1,0,1,1,0,928270,2025/12/17 21:27,safe
bc1pj4wh5trprpx60kp780xc8jt34cvc5x9f509ezm8shnt2psqzrwkq2qkwwy,2,0,2,2,0,928270,2025/12/17 21:26,safe
bc1pj5cdn5jqqcevr77scj367l6ut4fjasg35h50c6dfx89lfc934a3q9l9ued,2,0,2,2,0,928270,2025/12/17 21:26,safe
bc1pj5g5dmwcxq7nhe99ywsk3c54cmcjlm5llmax56wu37agq9rv4myqj4m5a3,1,0,1,1,0,928270,2025/12/17 21:27,safe
bc1pj5x47lu6yckskm5k65rdmp8tj4re9kwlc5frqg65ernal0s7re7spqp6ka,2,0,2,2,0,928275,2025/12/17 22:03,safe
bc1pjc6ry4vxetwnmweusuzdlqpm38z40pva0tfr3n33jpmwkqlvh84qmn7gyu,100,50,50,50,0,928273,2025/12/17 21:40,safe
bc1pjcvgyyyylh9xpjvh7dz6rdmw98g9ludkxhkz4fmsddn5p6ds2edsh9y806,1,0,1,1,0,928270,2025/12/17 21:27,safe
bc1pjdlf6l8znte89h7ya0w0dsrgj0nxvx650yzfx2wle27x99jpuzfqn4pvej,1,0,1,1,0,928270,2025/12/17 21:27,safe
bc1pjdu7g5s5twv0jrhwtf3lhm5g9qfxhy5prpwml30v5pz8s9gz3mqs273zqg,1422,600,822,822,0,928270,2025/12/17 21:26,safe
bc1pje4w6xakk9nssr3mtv7cp8zlwkvsll34h88ex5utdd8qcmllu8wsmp3d7w,1,0,1,1,0,928270,2025/12/17 21:27,safe
bc1pjfx8778qlk8wee9eyael7eytcp299tr9shqtp8njtmeaq098q52q643urq,1,0,1,1,0,928270,2025/12/17 21:27,safe
bc1pjgevs5d62wkm5papw574yux0pn2439hgvcnq5ymmvsm8fmf84rlsghpfwt,1,0,1,1,0,928275,2025/12/17 22:03,safe
bc1pjgfm5y7s948zzal5nfvk32lf4d9q2274wu3watcsr2d5tqqgeyss26407v,101,100,1,1,0,928270,2025/12/17 21:26,safe
bc1pjj20uz7l5kjw0vg68h3avwn9fgsxdk9gguhdd893kws7hff2wvyqavpaek,1,0,1,1,0,928270,2025/12/17 21:27,safe
bc1pjj2e7hh7jun53mef36py8wh2gpt62ryrfn75ndhjpxf0hvukwlasyx4rya,1,0,1,1,0,928270,2025/12/17 21:27,safe
bc1pjlcfnx3tn82dmqpcqu5zs0rknlcjfyqgkt4p85vq5yx94pdgp0kqlgup27,4,0,4,4,0,928270,2025/12/17 21:26,safe
bc1pjlv5368y65fa22pqga9f2zj6sked0xt8wkp8xjx9zsz5dkd8s7vs0zn0rq,1,0,1,1,0,928270,2025/12/17 21:27,safe
bc1pjm7dl9d0kwlkvpqxzukkarp8jvacrh0yamas73lqcg8gdzyy5e9s248m4t,2,0,2,2,0,928270,2025/12/17 21:26,safe
bc1pjne0whk8tnrxspu6m832deur5cqq42hx5zmglw0dkjjefdfn4elqtn246s,1,0,1,1,0,928270,2025/12/17 21:27,safe
bc1pjqhxj7uw49hlp5lrvspsdnhjhfe6h9ky8wfthsszjm06h669va8qeuzzua,1,0,1,1,0,928270,2025/12/17 21:27,safe
bc1pjr5hj59wuyy4zq2f7q7fape0qmhr8kdf9zpm2h68v8mxyrua6cysdxrhyj,1,0,1,1,0,928270,2025/12/17 21:27,safe
bc1pjryp9aenvw9py9hw8l3c38h5kxsl08yd345sxhhw577l3ruxrc8q0y278q,1700,0,1700,1700,0,928270,2025/12/17 21:26,safe
bc1pjsnz4y4xrkuw23suk2kyejpvtut8hgdmhrtpsqtqj4sajnvxxj3swrakfe,2,0,2,2,0,928275,2025/12/17 22:03,safe
bc1pjv6rtdv2leavhgmgjz09xr52ahwzzhl57klpmn8ypcr4t633882s3fnmvv,1,0,1,1,0,928270,2025/12/17 21:27,safe
bc1pjwc3yt5ku2lnz00y66vp5eaxzy2e5pmpp247fddgn80e9qp292cq2hcs58,1,0,1,1,0,928270,2025/12/17 21:27,safe
bc1pjwghn3h69rdkxyhvju74lmx9y6dturpfus73cxak6rtyte8j3a6sjkpdxc,1,0,1,1,0,928270,2025/12/17 21:27,safe
bc1pjyjfqcek9xef9dfm45l8j0qvqe9x8cce0anmqs3cxvw7ye0dmnaq7qns68,2,0,2,2,0,928270,2025/12/17 21:26,safe
bc1pjz24z9cjc06enuqadzuqx4jkvdg2y2ne5r0z8etvyy8ks09uy7rs2j0c4e,1,0,1,1,0,928270,2025/12/17 21:27,safe
bc1pjzvx39jwr22sq3kw73x6u9r9ne0hfnfrm3xxs6jz48dgjhuffgeqd5p845,7,0,7,7,0,928270,2025/12/17 21:26,safe
bc1pk00rltsjqegy9844cswckcas38r6rzqxwdkpf94sq3ww725a0syqrqr283,1,1,0,0,0,928270,2025/12/17 21:27,safe
bc1pk2apyuj0xcf4qgas59h6ldnh3kt7kanhqtyljcgv67hx9p68f3aqpek7zq,3,0,3,3,0,928275,2025/12/17 22:03,safe
bc1pk2eppwtngdyl8edye3r63xeqxqcss4jr9f7nmzfmwtmysm3a7fnslk3pza,2,0,2,2,0,928270,2025/12/17 21:26,safe
bc1pk5fc25uhvvxzkfpd7zemlqp8hnppa9rgys3g2cmw4fuhh40mvx6s4wty8h,230,0,230,230,0,928270,2025/12/17 21:26,safe
bc1pk77ur7fyex4wttd9ktcr4af423k60mrhxcrmrufstr4nfkr2u97q6l76uq,1,0,1,1,0,928270,2025/12/17 21:27,safe
bc1pk88xevfcdj68qvte9a3hz3tq2vcuufy49z9r6aqhgqfj5p62u5xszk5pec,1,0,1,1,0,928270,2025/12/17 21:27,safe
bc1pk8s9xkup79m2kyle6u4ypjrrdtvspx7jh8yccu9kjt5za2knxd4qhct55w,1,0,1,1,0,928270,2025/12/17 21:27,safe
bc1pkaaqwwcz4x23x88hpx7g8yutw3tgtmhgx7ftpvuvhfh4yxc4cclsu062n8,1,0,1,1,0,928270,2025/12/17 21:27,safe
bc1pkamhr0mwgesya0kn8l66ydkt3e549zp5gk9fw2mjm5c53umt8mpsky93k6,2,0,2,2,0,928270,2025/12/17 21:26,safe
bc1pkauzgh8zd7cnasjksv6mgr7ahtfectry5n2um4z8swqsc62dagvq9s3x9c,1,0,1,1,0,928270,2025/12/17 21:27,safe
bc1pkcz9m2ls4cv24snjz8fjhkg549msvratsupz7674w44kfr4k4f8qr3q0r0,24,24,0,0,0,928270,2025/12/17 21:26,safe
bc1pkd73j82u2x8mwe50z9frnxm948gsp2tawryt89x6tc69xxemr0dsa5p95v,1,0,1,1,0,928270,2025/12/17 21:27,safe
bc1pkgx589azjh5c9tkjrfhaf3nmtkmwu3xpcxzt3mrvkammgldykgvs22nccs,1,0,1,1,0,928270,2025/12/17 21:27,safe
bc1pkha5a72jjlnwe8c5vt5s66l7gr4dx4zparn972y6fayhxd8j5pfq0f5ey7,1000,1000,0,0,0,928270,2025/12/17 21:26,safe
bc1pkhmaxs7hmzh2sujmy0cmgaeyjjg4qcsjkz8gwwuxx2pc5mw7gr8s74gnrm,648.36,618.32,30.04,30.04,0,928270,2025/12/17 21:26,safe
bc1pkjc5ufnwv4vl7jpfpazldhtyy7eea3g864x28zejck3nyh9ck7tqzywyn5,2,0,2,2,0,928275,2025/12/17 22:03,safe
bc1pkm9slv6kg2jck0j6ufnlaxk7zsng629y274zty4g2mn6wqy0pyqqk0gxly,1,0,1,1,0,928270,2025/12/17 21:27,safe
bc1pkmw76dxxydtmhr5h33wt8hwsmvutzq4gk6fydnrfl0rw6ujwa8vsy2jtqz,595,295,300,300,0,928270,2025/12/17 21:26,safe
bc1pknanmktvqhueqz30jxqluzl9qgmt7ysvr9qk0wkaunku0fpeum9sjd3egn,4,0,4,4,0,928270,2025/12/17 21:26,safe
bc1pknkdls0sythf5wpraw02476qyauhqkzd76wcnp4y7fgwc728r6js8h7xht,500,0,500,500,0,928270,2025/12/17 21:26,safe
bc1pkpv8a55tgacqqetyf59g0g98247a5xaxyge7dw9707868vkkz2xs32xm2j,1,0,1,1,0,928270,2025/12/17 21:27,safe
bc1pkru7y64p6w06nrn8r6738774m2tgn0kld8236m7ay96czds7w9vqshvrad,1,0,1,1,0,928270,2025/12/17 21:27,safe
bc1pkvszrfa9fznpdpx4d7tps9tudtyausnl77q76t5nfvmn6khjavlsvs39p4,1,0,1,1,0,928270,2025/12/17 21:27,safe
bc1pkxtk063fmqpjh4phe209x4ad6asdc8r3zzwts6w0yfs645vuajwsuef6rs,1,0,1,1,0,928270,2025/12/17 21:27,safe
bc1pkxveakgfydtlfjmacp5ujqcs855tfxvxxzv0xa6v64q6962l5yxquk5enx,785,0,785,785,0,928270,2025/12/17 21:26,safe
bc1pkyqfhe4dnfd28hnls56tcf9wgqc7kle8sflzt7dk445tdwjq9x9s64ugmk,1,0,1,1,0,928270,2025/12/17 21:27,safe
bc1pkzrj5mt9xq3uvlzfs7wmjs6k908elf8pzv7af3j8f3jhudtp8pmsp73vrv,1,0,1,1,0,928270,2025/12/17 21:27,safe
bc1pkzszjqt3yap24lvya793phv48ajnqv5urlya8hzwmrvj35drzalqxry6up,1,0,1,1,0,928270,2025/12/17 21:27,safe
bc1pl580d7qermlk4d3q0qmdhlfcqte30esmk2qhle3fvluvlwxzk0ss3m3emm,2400,2400,0,0,0,928270,2025/12/17 21:26,safe
bc1pl6s2usp7jcq5d7e7qvudr9kngkrdxqf0vphwun5unt95lrdggsgspqzrw5,1,0,1,1,0,928270,2025/12/17 21:26,safe
bc1pl7gu6xzhppaudh5ju0h3skewp4g7r393z0psw6nlwmxs8kqy366qd8u7dt,1,0,1,1,0,928270,2025/12/17 21:26,safe
bc1pl95gzxkehamsvrfdujxkgg90t6lq7xpuhf2cudwn8zua6zelquqq48gpu6,1000,0,1000,1000,0,928270,2025/12/17 21:26,safe
bc1plalnhjm0fv2eclvcmkdmhhx3sdhwjdh0vty963vu39m0r5djjy7qgnrz9f,1,0,1,1,0,928270,2025/12/17 21:26,safe
bc1plc0tj0qurl9ekhlfmz7nx8q4xfu6gs8tax7c4ven7glch2rqgfls9zhu5m,3,0,3,3,0,928270,2025/12/17 21:26,safe
bc1pld7cghff3lg702xe2ju26zzhtt4f3anz02ljpz39jhaer8enqxms2sveka,1,0,1,1,0,928270,2025/12/17 21:26,safe
bc1pldsa66rzspdcd6c66r0zy7t9m0dkhz25cg454rkcxt24ykrkv7cqysyjev,1,0,1,1,0,928270,2025/12/17 21:26,safe
bc1plfuumrzankl3dan8t8ula30nmfw4qpmh6k39e0cpsnmm2vh5ztjqexymvh,10750,900,9850,9850,0,928275,2025/12/17 22:02,safe
bc1plfwkwlye3kunzzye8gw8uxute2qrafjpfmcwteykywq30gmxq7csuzanpv,1,0,1,1,0,928270,2025/12/17 21:26,safe
bc1plhheqjjr5a2kdxdq5hmn8k3p4ze6g0klr40gn98glex0sd20ykxsrlvuz8,2068,1468,600,600,0,928270,2025/12/17 21:26,safe
bc1plk6n3mjnch0umffky4dj6uglhhz3vr07q9tfmnmu7q63ne7vfh8qzl47pj,1,0,1,1,0,928270,2025/12/17 21:26,safe
bc1plls58qtnklk4y6cny4wjxd960seugtqmd89ukwd3yc7l0qupp0rskgmc28,1,0,1,1,0,928270,2025/12/17 21:26,safe
bc1plmc4al2va6xczqa0s8rysx92cknz2pp45qmmxyq7x5n270em4kvqk5wv0g,1,0,1,1,0,928270,2025/12/17 21:26,safe
bc1plmjj2u6zh6jk3d905ly2uqxdydhle6wcthpm8jas0ph6cn5df3xsnm8snr,1,0,1,1,0,928270,2025/12/17 21:26,safe
bc1plpvz4ms8t6xdq70zrw3d4x9mz82wt0rjjeacnna9yv4zyj0xvxyqjycmap,1,0,1,1,0,928270,2025/12/17 21:26,safe
bc1pls2q3qefm0phcn28temln692704yx673zrcx52ra7jakvj8wve5skfdjjp,1,0,1,1,0,928270,2025/12/17 21:26,safe
bc1pltgfyfzszj67zh5zct3702a0h2hn2hp9m8yvg0f5dc5k2f4j5qjqqrquus,1,0,1,1,0,928270,2025/12/17 21:26,safe
bc1pltpaq6xw7x5yryystxjdg5750a6kc87h5c4ut4mhgq92ewnqr2mqngz6md,46,0,46,46,0,928270,2025/12/17 21:26,safe
bc1pltzzukxddv4czkx592twxm4hfzjqf6mrk9s8l94ngczr2wmj9trswtld6m,1,0,1,1,0,928270,2025/12/17 21:26,safe
bc1plw0lvhcdgeynkjszmk6vs55rwh7m4fwkef3y8a4wxwpcqz7wqvksn4e88p,1,0,1,1,0,928270,2025/12/17 21:26,safe
bc1plw8w05t9h6su9suld3hm44mge6rdjvrmqk9qu3tvwzvt4nyvj0dszwznjf,100,50,50,50,0,928273,2025/12/17 21:35,safe
bc1plyhnmdujty3pxxt3tpth7njhqwxl2hujxahdalz3tdgcd3zmnlns9zc9pw,1,0,1,1,0,928270,2025/12/17 21:26,safe
bc1plz27hcejp3gejfpuwmapxuul044e0tlj9qep8f56aepkkuxqw87sy47n6k,2,0,2,2,0,928270,2025/12/17 21:26,safe
bc1pm08658q5yyseklw20063ls6vlq6s543xmdje5fgw2svxytdeznzqtnrazm,2,0,2,2,0,928275,2025/12/17 22:03,safe
bc1pm2daus9g339hf5mvtpwurgyj89ztvuxjqs0kv4y9sx27yy9t3clsxfkgx0,1665,1200,465,465,0,928270,2025/12/17 21:26,safe
bc1pm3yrk63n5dn69fdwfasrzg0lelvdx7yklqxz3vv3hz096n40s4zsdnpaye,527.5,527.5,0,0,0,928270,2025/12/17 21:26,safe
bc1pm559v0598cs9gc0ahg8ce9hcjsn2grxcs6u6snjgpeghmnejh9csdvhgju,1,0,1,1,0,928275,2025/12/17 22:03,safe
bc1pm5jsemh7zmu6eawg3ye5gvqg8l4jgpypd3t4e6lyua7wf42jqhmqfej9pe,1,0,1,1,0,928270,2025/12/17 21:27,safe
bc1pm5tzrgy55yge9u59ahfwj72tm8c0lxruzphx3l8rrkdegjwzxzgqfasuur,1,0,1,1,0,928270,2025/12/17 21:27,safe
bc1pm5ya2l5ha4pgkfj5qlucm0pppqucljdlzmn8kyl73x0eq34nm8psw0n57d,1,0,1,1,0,928270,2025/12/17 21:27,safe
bc1pm66guqgfph902xym4v3udgu0dy6zqwvxlygalwj7zlt435xqgahqkd0sj4,24,24,0,0,0,928270,2025/12/17 21:26,safe
bc1pm78pvm897uvq4dly7wggtuwhtdu6xu0puda2zvk5lxfajm0cxw5qk8qztf,1,0,1,1,0,928270,2025/12/17 21:27,safe
bc1pm7xfgcut2eqf555nww7t278acpp6vt5lj8rhlgmvzfrftq5wrz4qluzhpn,1,0,1,1,0,928270,2025/12/17 21:27,safe
bc1pm8drck044a5ghnupwu8dat27rvmlqv9fhh864sy88zv0l8m3jgfqp76qm5,1,0,1,1,0,928270,2025/12/17 21:27,safe
bc1pm8h9c80p8p0zhghvar5tm4gmfsuuatetlgd7dn8kfr28u6t4glts07jeal,1,0,1,1,0,928270,2025/12/17 21:27,safe
bc1pmar74g2f4xh393andjz52j5wruqjmnuy8gwug6t25pt62l5rw6tsmsaj2q,1,0,1,1,0,928270,2025/12/17 21:27,safe
bc1pmeqfsd0lxm0cyfum5q9kg8lrh3u55gx493c2fv22ctcjad27rvess2sewj,2,0,2,2,0,928270,2025/12/17 21:26,safe
bc1pmfn5mxpy6rv5nhg524wclfwk66fs8tncpjtpfpss8qgk26a0ygssgv0rvn,1,0,1,1,0,928275,2025/12/17 22:03,safe
bc1pmfv4us8m58xjp3ca60xn4kq4w7yd35k0tqq62g7x9t7d9ys238mq0egqw7,1,0,1,1,0,928270,2025/12/17 21:27,safe
bc1pmfwh5ha9nkq6grhh4hgzy3d2gcypw4t6dkjttgm7x93w98y48s2q2k2mez,1,0,1,1,0,928270,2025/12/17 21:27,safe
bc1pmhs2yt0g98ezdwcug7caf4hnknvg4yp7zlc4ewcwd75kjy4muveqylk62x,1,0,1,1,0,928270,2025/12/17 21:27,safe
bc1pmhs30m8ewlsuqf83v4q7ffxw29hc660jvmsg990vrg6674m4stss0ve747,1,0,1,1,0,928270,2025/12/17 21:27,safe
bc1pmjzawe3quz0uwet4kc9g0w8e93esq3ppjtfwemenja5jdtwk3l3sw60lzw,1514,500,1014,1014,0,928270,2025/12/17 21:26,safe
bc1pmk6dnugensa3wnrk7933906fxjcl644h5qvaste2euht0xrrgf5qskw2vu,1231,0,1231,1231,0,928270,2025/12/17 21:26,safe
bc1pmlknf2frr254xtxevm98u6rndzv22lllz4xk4l9sq8zaf4w78u6s8ud359,1,0,1,1,0,928270,2025/12/17 21:27,safe
bc1pmpc9u8hv6p4ulejd8u6v92ftjaw4pr0hrvfy5hwfxp5h0k24f26qgvqxx0,1,0,1,1,0,928270,2025/12/17 21:27,safe
bc1pmpfmh52s28au3kde6jhc9r7wc7x888rrvxenn748udl9jkja7p0swzhkj8,2000,500,1500,1500,0,928270,2025/12/17 21:26,safe
bc1pmrlkzgsdeyj6v3r6lv9mjhz7n9np9d5gqlvd3mgnjcc93uc9v4vqd3jmq6,1,0,1,1,0,928270,2025/12/17 21:27,safe
bc1pmu6an72hhkvlhxz4j02lysmfuz0sett4m698l7ruhe64udf38a8qkdhpuy,1,0,1,1,0,928270,2025/12/17 21:27,safe
bc1pmutw604s768hum7wcnfhjvqvt66pu7uwrl6fe2l6kx0js77l7dcs2uh4ym,2,0.204442,1.795558,1.795558,0,928270,2025/12/17 21:26,safe
bc1pmwsr7th8sjtgunkdzkerywq5eyejur37kqsxqqdh0nh9kw67y29sklgcw5,1,1,0,0,0,928270,2025/12/17 21:27,safe
bc1pmxzwamzpth6ak20pupznh5yjsl2t6zpkzledcvrl9uwkxewtpsdq74phu8,1,0,1,1,0,928270,2025/12/17 21:27,safe
bc1pmyd46p4x4qk25ekklhs0ft22xe5lzywpyap0t7aueqsqy3a6226qt50qut,1,0,1,1,0,928270,2025/12/17 21:27,safe
bc1pmyl5xh43tew5cfurelsv7fw6f066wwjnumprdwyrf8xznxf30reqzhwal6,1000,0,1000,1000,0,928275,2025/12/17 22:04,safe
bc1pmzqkf0lugven7vvnvuczf89g2ual2p79cehu3pyxfu0wmqtd8t8qn4t7vk,1,0,1,1,0,928270,2025/12/17 21:27,safe
bc1pmzyh87r99tkdkutgmztt3pvw5dfx9v2xz4he8fe3y7rw7jt44y9q065ud5,50,0,50,50,0,928270,2025/12/17 21:26,safe
bc1pn57f8hmcyk8rl86qa0g4gwlcaufcexjut6jsp39elhel5upl2twq8q7txu,1631,0,1631,1631,0,928270,2025/12/17 21:26,safe
bc1pn77ce37tjh7fffr27kemeke9uaxgtp7r07wcpz7ymshr2j2erq4qfx7te9,1,0,1,1,0,928270,2025/12/17 21:27,safe
bc1pna0snvtejkymj7j7ejge9f9eck9806v2cmkw07esag8a7ejvcrxs4spyvv,4,0,4,4,0,928270,2025/12/17 21:26,safe
bc1pndfch76xfd3khm3d9ff459r4gqvdynmjdeu8avhr8xx5ylg4039sa286kh,1,0,1,1,0,928270,2025/12/17 21:27,safe
bc1pndfpeah3efrumke254q554ket9823xg7jmamaysqrkl9rg5qlr4qfg5sm4,1,0,1,1,0,928270,2025/12/17 21:27,safe
bc1pndvmqyylhxfmlzwcsxfczer4s2gqav3erx82jwt3yns53ycdsegq6wq9vw,800,800,0,0,0,928270,2025/12/17 21:26,safe
bc1pne2rvfpz32s20zcsxpsktzvpd93tn5atrspa5lad8y6xw9fdg4aq5n35pn,1,0,1,1,0,928270,2025/12/17 21:27,safe
bc1pne7lwvf8arynxxjpqgxaxtm5jst7t40ges9wajlhdejc7xpz4n8qrrr5j6,230,0,230,230,0,928270,2025/12/17 21:26,safe
bc1pneyjya03lgys0qg9sm6t4dy3yezr827q2uw4vljc7ac5mj4skulqvpglx0,1,0,1,1,0,928270,2025/12/17 21:27,safe
bc1pnf3cxp4gj0z9t4v6efw6ggl5ec3p3y3atuz4fh4x3wkvlrz4xykqhejvlu,4,0,4,4,0,928270,2025/12/17 21:26,safe
bc1pnfqpkalq2hec82re3q4r9pj8h2ewdqvve6zzxnxasg57vrvzne4qd44ajd,2,0,2,2,0,928270,2025/12/17 21:26,safe
bc1pnhxmmnujynlulg8e4s9c0u8jwc4peva8cwq3vynmaft6020ya40sxqlj4u,1,0,1,1,0,928270,2025/12/17 21:27,safe
bc1pnhym5qclds67q6yhpyqd9uztc6cvveql4psrfr3vtwzwmgj894mqhtqvlt,1,0,1,1,0,928270,2025/12/17 21:27,safe
bc1pnnc8qftrkwhshrwu3qcgzchrv4vjr8dgpn2d8dx5ufrp4g0k29pqdr2xgx,1,0,1,1,0,928270,2025/12/17 21:27,safe
bc1pnqd0tttf7tt4naj6f2sgvyyu3gn3h2757rpvu6jzcdjlcg2mygqs8ld6mq,1,0,1,1,0,928270,2025/12/17 21:27,safe
bc1pnrq08knw8wpjutd2m9ewara4uxw6w3phwj736ucr04hhttsaalwqfjecyq,1,0,1,1,0,928270,2025/12/17 21:27,safe
bc1pnrxhx4gmysuxyzwr5umvmqumkahsfhwya3zy74s0sm4tk070n5ysa8yzx3,1,0,1,1,0,928270,2025/12/17 21:27,safe
bc1pnsrveetzflf9pvwt7jztz7kthqdgupjy25gp94y6v6qtdugpdn3qvat2k5,1,0,1,1,0,928270,2025/12/17 21:27,safe
bc1pnukrheyqdfcucqk7rpdn2yz3prwxpa39ahd4ku4qsgyyk3sprz3qsgtch6,2,0,2,2,0,928270,2025/12/17 21:26,safe
bc1pnv02wxkquamjeynfxgkxwdf89gm8t52rp0hxc26qg027dyluvhns5magc7,1,0,1,1,0,928270,2025/12/17 21:27,safe
bc1pnx7h8mrdrah2mw55ygg7zgtut26wvpcvrt36kp4t9t7l9wvl79wq9wacmq,1E+12,0,1E+12,1E+12,0,928291,2025/12/18 0:31,safe
bc1pnyh7h9yhmxqyjz75ywkvq5l0uz37fe6jpxhvxvh6ygd7w87xcatsvzfax7,100,100,0,0,0,928270,2025/12/17 21:26,safe
bc1pnyp6n2nla32x5zu8ghun3taqa5ep3q7scxj200y84kgch402x4fsemsp79,1,0,1,1,0,928270,2025/12/17 21:27,safe
bc1pnz5clt8f7cy4lahzeqvg229uul7eeg9lj4qqlwpra7kf0xh3yvqqxwmw02,1,0,1,1,0,928270,2025/12/17 21:27,safe
bc1pnzq9lu769rp8hrdv8ehfhg9cc76597y8xnmvq3xrg59kgjmfdd7q6utunr,581.4,0,581.4,581.4,0,928270,2025/12/17 21:26,safe
bc1pnzz9xz20f7vhsw4hlyqt5qlhjqg42fwaag7f6k46ke07jrxusf8s464ndz,18000000000,0,18000000000,18000000000,0,928293,2025/12/18 0:42,safe
bc1pp0thek7wlgmtz6zlant3lxjg32mvcvmwace2auql0zmn8dj2jfrsz7dyzq,1,0,1,1,0,928271,2025/12/17 21:27,safe
bc1pp3h9l3uan3feqsuhpgdevjhuhtn8mynxc8wyr6cnjcxm9p387axqrseqkk,1,0,1,1,0,928271,2025/12/17 21:27,safe
bc1pp3jkfyw9akl0gd7dzmhxrqfn844hclnpgw6898vyn48haf8w20yqk3jmda,59635.55547,0,59635.55547,59635.55547,0,928299,2025/12/18 1:21,safe
bc1pp5602aj5wfsxt0tuqg2x2ytu0mgyw2np8ahcmentcz9vpzz4v39qg05vm5,2,0,2,2,0,928270,2025/12/17 21:26,safe
bc1pp5fwul68unm64ru8urr9td4p9mx8l6hpda4lmtj24p3ck0mq9g8sy5arjn,1,0,1,1,0,928271,2025/12/17 21:27,safe
bc1pp80zsu3wy8eywfd0ry06y8elkj29snw67w2zgvnyryercncwjgasu4tped,2,0,2,2,0,928270,2025/12/17 21:26,safe
bc1pp8fmg3npexgxcnyvyne49hygehk289t803uk5eh9dsqha5yeqlds2h7wmn,1,0,1,1,0,928271,2025/12/17 21:27,safe
bc1pp8mttafgkgqyt9wvez6anmluusfqxynmqmckuln4sehhwy336g4sdxc06p,1,0,1,1,0,928271,2025/12/17 21:27,safe
bc1pp9cae8sh7hlms0td7adnpdjr9zp702fn67v9ahcextfrqlmj7cvscpy90g,1000,1000,0,0,0,928270,2025/12/17 21:26,safe
bc1pp9jpgghy066qrpv443faxasqy6lqy5n8p4f3qm6zf9y5nyytg94qlcxh39,1,0,1,1,0,928271,2025/12/17 21:27,safe
bc1ppagh3nq3l50edpjkamjf5hr67td6j4m6jwx9m4yvry039usm3znq0yujas,1,0,1,1,0,928271,2025/12/17 21:27,safe
bc1ppd0nvn2awtz6h75cwmg8ckf9dle8xxqg9zvxa9k3tn0nmuskmc8stamu2n,1,0,1,1,0,928271,2025/12/17 21:27,safe
bc1ppe4qh7f54dhjke64trltxrwzkkz7seqkjj4jg8e58mlh8s8uakwsxyv5dq,3,0,3,3,0,928270,2025/12/17 21:26,safe
bc1ppfx2zswewjwse9em6zdqm6kjxdfe6v8ttayavu3haat8w3x7r8nqt9t43k,1,0,1,1,0,928271,2025/12/17 21:27,safe
bc1ppjsgwv2jve7mmsq56g2r9xdn0vxfeunup00crluv5pg78klquh2q3ukqwq,100,0,100,100,0,928270,2025/12/17 21:26,safe
bc1ppn3j7dmzf2g92zdp7uu93cnf2q0ase0mujlsj0c4hazvwm53dhdqrlkzxv,1000,0,1000,1000,0,928270,2025/12/17 21:26,safe
bc1ppnglyc0pgemedw5mpmdqhqqpjaz8ttgf66apvjgx7yw3x9qer30s8efqer,1,0,1,1,0,928271,2025/12/17 21:27,safe
bc1ppnys860u3jtfxr8e3qmr7gpswfkyw233l9stcwvax30j30mu596qfawtsm,2065,2065,0,0,0,928270,2025/12/17 21:26,safe
bc1ppptku5u3gacnxcz6jj5cgvj566nv4vhhrr6dm4m2qj40thswfhgqcu6nde,2,0,2,2,0,928270,2025/12/17 21:26,safe
bc1ppr32d4vayrqlujmyrnlz9sgzsvkdwnt352xsqcavqx0mq8ffnkgqevdfq7,1,0,1,1,0,928271,2025/12/17 21:27,safe
bc1pprys9wdg0y938529awp9j2xcrdqfy95sthdwulhqln4t6zsxdugs0mutxt,1,0,1,1,0,928271,2025/12/17 21:27,safe
bc1ppt0ezt07dz6qp68jahhlqawzs62t90zxls62vmvgv2rggn7ssw3qzllyf4,1,0,1,1,0,928271,2025/12/17 21:27,safe
bc1ppu8l7f5k4nkv4lp259te3g2u33lsf6ds9w3h298zta77zz43gy0sa8ln9a,4,0,4,4,0,928270,2025/12/17 21:26,safe
bc1ppvx6cm7un2whx99juan0sgegt68ja5c5x4rhxdldglv9rkmx9gzq6xl8yj,566,566,0,0,0,928270,2025/12/17 21:26,safe
bc1ppy2eavjqjqh4twcxh8zmjtl4r7ffyf0cg7ulw475yhtqcvnvm0qsvrem8a,2,0,2,2,0,928270,2025/12/17 21:26,safe
bc1pq3ja44qj9awh4g2dtk8fvrx2q64hmc34m3ujsu0jmyehuq0qgwwqssajcy,1,0,1,1,0,928271,2025/12/17 21:27,safe
bc1pq7g2hntletm3zwe5xw6mglhksdvh7w8fr9gkw5qmdpfm5s605spsvcnrkw,1,0,1,1,0,928271,2025/12/17 21:27,safe
bc1pq83valkw8xgu7lpyt6sklduzsu0a795uqe5rmc48a4gxze7qtp2sa8vhxa,1,0,1,1,0,928271,2025/12/17 21:27,safe
bc1pq87f870xflpt5rctm3zuzu0dqrh6h8d9qjhl972ye64yg02wtznswruaxu,1,0,1,1,0,928271,2025/12/17 21:27,safe
bc1pq8ctctjzmqhmpyg4dk5d3x7phesl6qpqtrwwgvrp6jx4wry7w6qql49fmj,1,0,1,1,0,928271,2025/12/17 21:27,safe
bc1pq8fffv5m2fwtpzajt5z5h9gszw9c74c3dk69zpx43p38a6nc6pdqw245ks,700000,0,700000,700000,0,928300,2025/12/18 1:29,safe
bc1pq9tj7v47d964vvknf99d853pwg60k896kdg99vt528u6m7efpkds8n0g8y,1,0,1,1,0,928271,2025/12/17 21:27,safe
bc1pqa5fg7h0r8ages82wecsj5vnphvn2am2jwfukxwnujuv7nkqnf4sn7fe4z,1,0,1,1,0,928271,2025/12/17 21:27,safe
bc1pqalfxkxplnpacryr9e0vw936js2ak7a9fdnne65e7ez9z0havqhqpvgnng,1,0,1,1,0,928271,2025/12/17 21:27,safe
bc1pqckvksxxthqnsas8ccxxeccr2yfzv5r96qty6v5nrj7vlyeaxwns0wxlza,3,0,3,3,0,928270,2025/12/17 21:26,safe
bc1pqd6dafhyqykrgw6jtk565a6f8mylwkwq6p8vvedk97nzu7t33ncsc6pgg8,1,0,1,1,0,928271,2025/12/17 21:27,safe
bc1pqfvgllnmrg9fpem2zhdfm0f3zylfsdvrcz733lqy5qrns7q76xjqw3qyyf,1,0,1,1,0,928271,2025/12/17 21:27,safe
bc1pqgpw3w2y3yj663yenjedsr9x7jckltx9eh4pfrj7mf0cus58wl7qcpg3qv,1,0,1,1,0,928271,2025/12/17 21:27,safe
bc1pqlzusnjqwqg2relktvf74050htrs9ttwcv4jj93yvp8a896ndncsfmumvx,100,100,0,0,0,928270,2025/12/17 21:26,safe
bc1pqmvhtgeu6v6mplymfpq7hfh8mveg2gcskh8tvzx5kfax7xx6d02snlfnrj,2,0,2,2,0,928270,2025/12/17 21:26,safe
bc1pqq9rvgh6q4rd6sq6vzm3aq5n4ace9h97la052fg4hau9xwmpryqsfjdegk,1,0,1,1,0,928271,2025/12/17 21:27,safe
bc1pqqmusj57v774m3vdpe2jujyyaez5cwauqmh7u9e9lt98pednwmgsxne00g,8618,3618,5000,5000,0,928270,2025/12/17 21:26,safe
bc1pqqtxrtd93jkedh7udsjtvrrve0yjjgq087y4zschel27mzs0sejsyvcsut,1,0,1,1,0,928271,2025/12/17 21:27,safe
bc1pqsvaspd73knmvp8t90xdp44elutz04prh4dqm9tjjj5jeh5v9w8scgvsgn,1,0,1,1,0,928271,2025/12/17 21:27,safe
bc1pqtyedp9nsgpkx4kcnu2qgr3ugjceeafhtqh98agzm7np95rrpmcs9zs77a,10,0,10,10,0,928270,2025/12/17 21:26,safe
bc1pquafls8j8jhs9gtgsv5986l3qhd54y2n7870w3p3dqs8lxpspszqqkr3xq,1,0,1,1,0,928271,2025/12/17 21:27,safe
bc1pqv7hwhzlttwxk4533zsdz4ge64gcdk6xw7au3zm5kg04yhuf0k9s89qrj3,1,0,1,1,0,928271,2025/12/17 21:27,safe
bc1pqwfq0cr6x4yy5v4x9f7mkxsj4fgyalvmrr8kcpmlfy0ukxa4muyqsn0hrs,1000,0,1000,1000,0,928270,2025/12/17 21:26,safe
bc1pqwxkpxlj4p43hr5f7vz3jj89u0jyxq7dskvfd99tcus3yqmdv35qxngt75,1,0,1,1,0,928271,2025/12/17 21:27,safe
bc1pqxknlkh0ghp6hfyt295rjq3hau2r3gnkqvlpu4qqsljxjt0r298sfy5mvm,13000000000,13000000000,0,0,0,928295,2025/12/18 0:46,safe
bc1pqzcmanhn3ht8j6mw3vtwdfthfk3zw88khmv9txa4nsjq9lfhzr0s2jgqev,100,50,50,50,0,928273,2025/12/17 21:48,safe
bc1pqzr43yvj24548g4vez9ay96tzrfxqtgpnny2u5kda86nyf2xzkxslt0tg8,1,0,1,1,0,928271,2025/12/17 21:27,safe
bc1pqzxn53kghgvd0sxklwd2qt7r27g0j24e05x8jrnpwgz7ufxxlsmqd9wyqj,1,0,1,1,0,928271,2025/12/17 21:27,safe
bc1pr27h5pcfdfv4h68wdhxa2aspj0kg2l5mwmf4ekzvzp8qrvyl89yqghwftn,2599,0,2599,2599,0,928270,2025/12/17 21:26,safe
bc1pr3h8w6tl6ycrd4zczkjmg6qn6swwu0enhhpl48xdv43jxuwvupmqq6pecw,1300,1300,0,0,0,928270,2025/12/17 21:26,safe
bc1pr50s9sx96nx25q32alrk4wtxakcae69xlg6v6w9crdvfl6nua67qawgg2y,1,0,1,1,0,928271,2025/12/17 21:27,safe
bc1pr9d4zvgxpfu4uep0eh4lvdgcj55pws3c8ungg26aunt7v0c08ees85lv60,1,0,1,1,0,928271,2025/12/17 21:27,safe
bc1pravj5kascdk5y3zqa9n0j8yassuaq0axgdj706fmjtmzvfhg02vsqvf25f,2400,2400,0,0,0,928270,2025/12/17 21:26,safe
bc1prfs7x79d4rurz0s6ehr8ma280x73vntjwu59fwdgp4re6dve5puqu3sjvu,1,0,1,1,0,928271,2025/12/17 21:27,safe
bc1prfwspce84r4na0m8rgzp3yuyjhu3m7zjjpnwvltpeyxxttsvkp2sd7qg2t,1,0,1,1,0,928271,2025/12/17 21:27,safe
bc1prgf8jnpngl4ds3q9paj8472ludwy50cdpy6y9q40898tqu4nme2qrecz5r,100,0,100,100,0,928275,2025/12/17 22:02,safe
bc1prgn8n3wnd7swqscfqh3p7nu6pjaek3ghtl54r2x0l08h322peh3qn3k5sd,1,0,1,1,0,928271,2025/12/17 21:27,safe
bc1prgyd4rmlkng3kwl022d8pxcckk3sq6cf7kzwtkl6azum7dtsp8fsnl9ldw,10333333333,3000000000,7333333333,7333333333,0,928295,2025/12/18 0:47,safe
bc1prjurqwq7jgset08j5heg066gdpc5lhpv5eyndhfjnqstwrkj8qcsukd53u,1,0,1,1,0,928271,2025/12/17 21:27,safe
bc1prjz6zpgxgy5a46antkhrtw3sfr3z5m37f0putcvk0fwqlgkvxszsjl7jrz,1,0,1,1,0,928271,2025/12/17 21:27,safe
bc1prk0g3k44fjpycckfc7rkw0jhu023vq8fc4td90ycfc9nenrzyjdscuwsjs,1,0,1,1,0,928271,2025/12/17 21:27,safe
bc1prkv2vttjvuv3nd0u8ad8ssyu87wrhwqgrnc4cr2j930yuhccc4dsxclfjt,1,0,1,1,0,928271,2025/12/17 21:27,safe
bc1prnkqqf438mwv9umtly7ut602tce5ng5t4gnygw6kkcyh64p0fu9smmgt2s,3600,3000,600,600,0,928270,2025/12/17 21:26,safe
bc1prnu4uwspc7mx0tc88wke9dwu5q3cnuf7nql704eg6fx3rd8u744swvvhx4,1,0,1,1,0,928271,2025/12/17 21:27,safe
bc1prsf7aarqvkw4my8yfcn3qhnnsgmlhuu3p725w9fsfumahmuefhxqz6r0yp,1,0,1,1,0,928271,2025/12/17 21:27,safe
bc1prtf8mluzcpl87hvcplamwpywvjp4cv4zclzd4dhzkyun0n8cn9uqntysaw,1,0,1,1,0,928271,2025/12/17 21:27,safe
bc1prudg0ank24cg5uzpccv9tedvca4jnqatdqcrzaayldjh528wxensy45f4q,1,0,1,1,0,928271,2025/12/17 21:27,safe
bc1pruzvp6ql7vp2a5wfzmzmcntc04czlphm0jfchymnt0t604alw6sqzzspmc,1,0,1,1,0,928271,2025/12/17 21:27,safe
bc1prv9h3cj6r6x685n3ly3al6nh786yus0xmmny6v0acjsghy0gankq9rejnh,1,0,1,1,0,928271,2025/12/17 21:27,safe
bc1prw9th289a57k9lfkdrlrk2xpalkh6lp8hn3w733drg9a5tk45vnqdzxyzt,10,0,10,10,0,928270,2025/12/17 21:26,safe
bc1prytwevzneavza90pv84dfggvdah7zl0slgrf6mryewpg2t4qu0tste8484,1,0,1,1,0,928275,2025/12/17 22:03,safe
bc1pryuzw3vc37rrysxqnxxa4g8jqqet9arjcdqwf9yur5zz722z2veq09qgem,1,0,1,1,0,928271,2025/12/17 21:27,safe
bc1przv76rhwfcf4mldhxkt668v4df2gw9pzjtwt68asg0thsuefhxdsuv3ul9,1,0,1,1,0,928271,2025/12/17 21:27,safe
bc1ps0vk92jfqrduevkfugvzy5rp8ejvmx94uyf8nwp42hpsl7y00tysjhsc7u,1,0,1,1,0,928270,2025/12/17 21:27,safe
bc1ps3gt65j38d95jjffds6595tyzwsn9nr867jmq27dudrzvwanv3qqrw4ks3,1,0,1,1,0,928270,2025/12/17 21:27,safe
bc1ps54va4mv0wkgyyp3n3cg6gcjc06jxpvxf56cwyq3767udamnvu7q5c628u,4,0,4,4,0,928270,2025/12/17 21:26,safe
bc1ps59re4q2w8eych5r6txkfm5es2zulyecwpy6q29vd3lwhzz9akgs3lw442,1,0,1,1,0,928270,2025/12/17 21:27,safe
bc1ps5kr7kffyce0qrm5tvv7fjy2qndy8umty5y4lr8c4c6ssgassd6qfezd0e,1,0,1,1,0,928270,2025/12/17 21:27,safe
bc1psakwpj9sejd8kpd4xpe3fkty2cdfccr4ntn7a7ryqg39wzkfk5dsfks97q,1,0,1,1,0,928270,2025/12/17 21:27,safe
bc1pscwdk0nrk0uzercp54v6nzey78mnxhm3z29c93htxjfzfxq6q5wscn4tzx,2,0,2,2,0,928270,2025/12/17 21:26,safe
bc1psd3qkjcsnzplzrps6tt4jzgj5kvaqfdzzf6rrkg3m52j2dkkqhns4td55e,3,0,3,3,0,928270,2025/12/17 21:26,safe
bc1psdmzjlmdq5qg9ypsxawf9vn8qrly3f9dtk3cahudkyqt74mwjj2qqzazd5,9,0,9,9,0,928299,2025/12/18 1:22,safe
bc1psecqgztfz0023052hpsrkgsf7897qk708kuy2fy8y676405nq2nq3ceq92,1,0,1,1,0,928275,2025/12/17 22:03,safe
bc1psenzkn988xwajxk3ufvfu2u982w24uhf6ltnufr29xcgj7d3z6as6z97ex,1,0,1,1,0,928275,2025/12/17 22:03,safe
bc1psgx5schd9gx0s4mhuqf5elfzhg286ra3wej27fcq3rawfrdd3rks8z445f,1,0,1,1,0,928270,2025/12/17 21:27,safe
bc1psk3a5h854gn0dlvjqnu4ucl03vvdgm6qenc9nfwn2n2pu2u0hykqjm38dz,1,0,1,1,0,928270,2025/12/17 21:27,safe
bc1psneyry9hw838t0fucztr4wj29jgq6qwma8nlzd88742rpekykjtqkeamqc,2166,0,2166,2166,0,928270,2025/12/17 21:26,safe
bc1psv2ez8f5uagyy3g7yguhnk99kffx8yqdzww2gwfztlz8wxxlrrtssypyq6,1,0,1,1,0,928270,2025/12/17 21:27,safe
bc1pswet4lu0zhfqq30pzrrzv3hn0exjuzktaws63nhnf92t4fk6ndzqlfwmu5,1,0,1,1,0,928270,2025/12/17 21:27,safe
bc1pt08gt0vrex63v8l8zp66zj3hud7yapnajg9mpu96f6y677tfsghqa74ycz,1,0,1,1,0,928275,2025/12/17 22:03,safe
bc1pt2uwxxmveetaw697qg6mug0htshadhz0nm2yjneg6k2x5xhpvejq546tv4,2,0,2,2,0,928270,2025/12/17 21:26,safe
bc1pt4fpcxkdatv6y3n0faf5p39vz88h8vrg85tcvm5fnlg34k4njars4634k6,1,0,1,1,0,928270,2025/12/17 21:27,safe
bc1pt5ld6w4378czlfvmvcpkkakk3mfrltqlrcwgs78yk2ceuvwfuutstehwka,4,0,4,4,0,928270,2025/12/17 21:26,safe
bc1pt8lw4qkh6k80wm6k4lzeauq299jjklut0l0qtemskag5edtv027s22rkee,1,0,1,1,0,928270,2025/12/17 21:27,safe
bc1pt9pr85rk8xflef8stauj8hqh9fk464q52dsygq9mjxr8u9euy46qacyvuv,1,0,1,1,0,928270,2025/12/17 21:27,safe
bc1ptc07mxel69088uh7hvsd4m6ntuvnekzf9zvvj9h3rsxtkcayzqnsvg5cja,1,0,1,1,0,928270,2025/12/17 21:27,safe
bc1ptd7rg9uu43na2vgvzwazgt238n5wer0q78fw2qkwufhzcleklv6qykdrl8,1,0,1,1,0,928270,2025/12/17 21:27,safe
bc1pte6svl6eh8qw9yrsflhtu555jvwcdgyr4rrz2f5j9k34l464sdvqy8pfvd,1,0,1,1,0,928270,2025/12/17 21:27,safe
bc1ptguk2j56eka97j7fntksdj32y7459tpd02yyk2pf8dd37jj0e6wqml4n6l,1340.75,1140.75,200,200,0,928270,2025/12/17 21:26,safe
bc1ptk56qa8vuehxf92djqjn2s08yquq703qxdstq8znzcqe35477c0sgp9ga4,336,336,0,0,0,928270,2025/12/17 21:26,safe
bc1ptk928mqlemaz7xl799yepexgrsepqex89s4ewr32k7q6t8rr6vgst24npg,1,0,1,1,0,928270,2025/12/17 21:27,safe
bc1ptm5kw4w2kz2mn4srad4trwwe2va5xuq2jnjlv93nlnld80n0r0yq9r6h5d,1,0,1,1,0,928270,2025/12/17 21:27,safe
bc1ptqys3cvc3jl76s86kzstc4nxhgfgx4vlvegfjcu0vgt3mme9h4cspe3np6,1294,700,594,594,0,928275,2025/12/17 22:02,safe
bc1ptrm85tuppxtehtkj95y6jxl9sqjmrpyr9vv7wunhk448cvtn6j7qx0xcxy,1,0,1,1,0,928270,2025/12/17 21:27,safe
bc1ptsfutvuacg6axlqm8e3f5gezq6v0elsj0rpm7ckhtu2462u73aash28fe0,1,0,1,1,0,928270,2025/12/17 21:27,safe
bc1pttda83zvwwxmq6u5u8086ky2p63a6skklwd6u6hz764juag55gcq70vqp6,1,0,1,1,0,928270,2025/12/17 21:27,safe
bc1pttkrhqn3l4trpgjq6hj4xt7tcnfemwqry6z7rzgpkyfnfhtgf5esppnf6p,1,0,1,1,0,928270,2025/12/17 21:27,safe
bc1ptvalldzzv0uqdegtwgj89zwxzg9gwwz63udja9cc6fwpsnjpvxus6wtgvz,1,0,1,1,0,928270,2025/12/17 21:27,safe
bc1ptve9xfygvmv87m5y2lm3fxdt49d85x72qcnf0mqgteaanvlr58tsadx7nj,46,0,46,46,0,928270,2025/12/17 21:26,safe
bc1ptxfzj3va9mt7ntvch2cj94szgksw5suffl429etasq8xwdenldes7gqdlg,1,0,1,1,0,928270,2025/12/17 21:27,safe
bc1ptylzu8xmme4w6fhtvw454v732s24jpj22vamjjn0h8thw8pwg62qpqrkc7,1,0,1,1,0,928270,2025/12/17 21:27,safe
bc1pu0anvn0gvud4mqwzr8y9tfpdy6cm008279xw0cctjtrsprg35ncskv26uw,1,0,1,1,0,928270,2025/12/17 21:26,safe
bc1pu0kaxup2ayyel4gucs68arwx466fus8ft4wer39kswc5a0gsvjsspga4gd,1,0,1,1,0,928270,2025/12/17 21:26,safe
bc1pu0ufhwlwz3h3hh35kpa582l598rjys3r3zl2j2tnr97twyy33vks6ps0s0,1,0,1,1,0,928270,2025/12/17 21:26,safe
bc1pu0xfj6lxmcxxr79ce7zx8cccvgjnqkdjee0nz52ayanyae0ntqvsyfhrrj,1,0,1,1,0,928270,2025/12/17 21:26,safe
bc1pu3vsv493algkyuykzqc0rn7ujv4rpl2pkdcwapnjp5tpy669t47q7v9vns,1,0,1,1,0,928270,2025/12/17 21:26,safe
bc1pu3y70v35540yxfclxt23xnf27958uy3v5t3pqz37pxp5qmalqvfq27e93d,909,909,0,0,0,928270,2025/12/17 21:26,safe
bc1pu44jpv90vfkjakpyn5dhenluflm7zar6ul25zyc64ggpc5njxm8sv8zxlg,1,0,1,1,0,928270,2025/12/17 21:26,safe
bc1pu4vhnhgd3ql3ut93aqypy3tq6gewpyyzcdmjx0t6rjjp5355zh0sj5hlf8,1,0,1,1,0,928270,2025/12/17 21:26,safe
bc1pu4ztsh5ckpmae6v2xe4nqszy8a7nanz4j72t3he4d88xstcwl4vsdlktu4,1999,1000,999,999,0,928275,2025/12/17 22:02,safe
bc1pu5ehct577lw6p5gjzfkplrjkspf29jsjvm4k6my6ce87dhhtpmrsulzt6g,50000000000,20000000000,30000000000,30000000000,0,928291,2025/12/18 0:36,safe
bc1pu5qtq3x39ks8e7y0mc6qn6xqlarnp0fl4ad5seh6vye6609rfqnqtxp9c4,2114,2114,0,0,0,928270,2025/12/17 21:26,safe
bc1pu77zawnhnzlrync4muysmlqntdg5jqntapj2w22hndntr4sgzcqqxg36jm,1,0,1,1,0,928270,2025/12/17 21:26,safe
bc1pu7czvecm7fe0qfceqmvy956zmtjkjtfvsjx3wcn3sywv4jxtcd5shy0c3r,1,0,1,1,0,928270,2025/12/17 21:26,safe
bc1pu7lulcnst7suay99m8n6sdyvsve758jn957ksfhq40t4dunk8aksjs2c8c,1500,0,1500,1500,0,928270,2025/12/17 21:26,safe
bc1pua3mg4zw50qegvv4fnjy9g2hlwfrjtp63wzhtxxz9nqk5gqkds3qrlk6uv,1,0,1,1,0,928270,2025/12/17 21:26,safe
bc1puaqk8e6unfekgs08wnhhvuh3nk6k2jprwdehxr0dp3af4jj82hysf98dtx,1,0,1,1,0,928270,2025/12/17 21:26,safe
bc1pucgk468p3lz5x4spl9pkjav8hzupsqjtsvj66g2vxdcss57mz3vstaxu7r,1,0,1,1,0,928270,2025/12/17 21:26,safe
bc1pudfzuq6n25r5sdfzcnsser3284c09amvhasyjdgk4x992sal7taqqzxvuv,1,0,1,1,0,928270,2025/12/17 21:26,safe
bc1pufmrxna9yjcjsy0793fxs0dxje08s89nyeacdher86r6uae0tmjsaa7c2q,2,0,2,2,0,928270,2025/12/17 21:26,safe
bc1pufnsxeewuq6q3rzgga3kexcajwzln68vwrm69vxy808kvzdm4jzqzgk4ag,1,0,1,1,0,928270,2025/12/17 21:27,safe
bc1pufz4cdcc0r00gcym7u8c9hclll0l2whzxkzkwne9gr7d34x54t4sj8tulz,1,0,1,1,0,928270,2025/12/17 21:27,safe
bc1pugl7ftlmhlv670uv93fnsyvw0lkf5dtk228d2srkuy0pyd9kkthsn9p9c0,1,0,1,1,0,928270,2025/12/17 21:27,safe
bc1puhp4jzuk37mvxfmp2qrn4c40ck4v4cgzn5jven6pruptc9v52cjsn8kqp7,2676,2400,276,276,0,928270,2025/12/17 21:26,safe
bc1pujtdrgjj2ftah5k5g8n7gakqvtutu64uw5nrerjt0vqp5r74uzts8dx85v,550,0,550,550,0,928270,2025/12/17 21:26,safe
bc1puk3509q49xun0ttl2j64d7mea38p3dy7ean6gmk6ln2tusue9e9s9kuxf4,300,0,300,300,0,928270,2025/12/17 21:26,safe
bc1pum2gt4fzununqcz9r8u93wmelp3nmcpqlgl9fdeymr2v2v50caus5wv93z,1,0,1,1,0,928270,2025/12/17 21:26,safe
bc1punkmvmrk64e69tep3e9wjuy8aj3qmzdkpkvdmlt8qzd7ff3c6z6q8af8yx,1,0,1,1,0,928270,2025/12/17 21:26,safe
bc1pupdswkf2q5rj5n4cmx4um7xasgrww09v05u73xa2gpfkta667x9qgrec0l,1,0,1,1,0,928270,2025/12/17 21:27,safe
bc1pur0rtjvf4wnjq0gm4lgm3sc8rhyvuqht2pww0dyls2tu2k8wnwmsk362c7,1,0,1,1,0,928270,2025/12/17 21:27,safe
bc1putjhql5n2u4gvvljjfcncmehl6astge474etvv38hsaveyaux73qlt5tca,1,0,1,1,0,928270,2025/12/17 21:27,safe
bc1putqpr847l54hqwjv9dh242ck8kcf5pegzsd0m2prdzcem35mmr7swr35y0,2,0,2,2,0,928275,2025/12/17 22:03,safe
bc1putskmnytl0dvwjxucw9vj807a2s3jx062mu35cjuwsue26kq7ggqnnczuh,1,0,1,1,0,928270,2025/12/17 21:27,safe
bc1puukw2nmemwk5tq5s78p4729tmf8th2m27yrktn9ujaray75p3wjsdzfemr,1,0,1,1,0,928270,2025/12/17 21:26,safe
bc1puvx62nrs536yx3mg899z7eyrmhgzf5rv2ufal0ls22753df8h2uq373ptu,1,0,1,1,0,928270,2025/12/17 21:27,safe
bc1puwcw2h39fwwwwvqgp9uyxn5av48t9xy3uqv5se58gn6gltl0rt7qvzp3ff,1,0,1,1,0,928270,2025/12/17 21:26,safe
bc1puwh8hkxuqajjkkwcmph6amjxths8k877qvyth928e5ja94qsyguqqzkpw2,2,0,2,2,0,928270,2025/12/17 21:26,safe
bc1puwuyw2vg3c2a82hv0kmuve5mcq3600pp7wlmvaqnjkyct7yqzp3sme9qmq,10,0,10,10,0,928270,2025/12/17 21:26,safe
bc1puzec8756kdhezfjave63uc66wlgxjpr330c25ehlwewj5xfu0ntsf2pa3z,200,200,0,0,0,928270,2025/12/17 21:26,safe
bc1pv5qcr9r564qf908y470avgyp60ntszp0p8xxc2k6xrfzcfdn6lyqmvxvgq,1,0,1,1,0,928270,2025/12/17 21:27,safe
bc1pv6fljqh46rrwq736y7auhducj9kkslft9ac5z9mcpgzj9qkwh9ssp5fedx,1,0,1,1,0,928270,2025/12/17 21:27,safe
bc1pv76c0r0zhrrjmr2hd4ee5zp3p7vup6fanv670hye9yts489hsfcs27fprv,1,0,1,1,0,928270,2025/12/17 21:27,safe
bc1pv8zrjtdqdfpkvh8u6xrk9svgsxuhhnyff37h625mnvpfpzqa6zys0paqn5,1,0,1,1,0,928270,2025/12/17 21:27,safe
bc1pvatzmwl2zc3k0fvpltu8pvmnafq06c58hvur0huq4my2cmc6rjtsu44tnh,1,0,1,1,0,928270,2025/12/17 21:27,safe
bc1pvdasgvy2wq9vuqhjnr9k00zy75x9a8gl2a5pe92scp7nwepwnm9smrvp23,3,0,3,3,0,928270,2025/12/17 21:26,safe
bc1pvf8vmdg3378glk6a7jd9esaukltf3h5cum5pqhxva3dt2csfmcgqqw28sm,1,0,1,1,0,928270,2025/12/17 21:27,safe
bc1pvfhgtzhchnacnjxqt87n5xs4xw3qr2lv5et497hr7pdku23rxa9sux9lsr,3700,3700,0,0,0,928270,2025/12/17 21:26,safe
bc1pvfwqr7j8swm4yzyva6hfsyqs6tsaupy5n67z9w3cljjm02r6xx9qkxdape,4,0,4,4,0,928270,2025/12/17 21:26,safe
bc1pvgu7zg6dcju68zpw0mlj44ywk04d0xyuuaelq73a67nk0p86ptas5u6j3t,1,0,1,1,0,928270,2025/12/17 21:27,safe
bc1pvny883vh9vesnte3kzvlqew50evvl57atccxv2qr8pvsfum5l3yqglaqts,1,0,1,1,0,928270,2025/12/17 21:27,safe
bc1pvpd9txk6kyuajz00k72vnhkr2jtgc2upmn85weyzn943alh7g4es758dy5,2,0,2,2,0,928270,2025/12/17 21:26,safe
bc1pvpuagvnrys72usu2nqyhcrpfwyd9p4l6xxan2f89j6ax04nyj2us0pj8vf,0.02,0,0.02,0.02,0,928271,2025/12/17 21:27,safe
bc1pvu625uaas09mdxkwctnlcmtngssdg97adask7s0jpv0elw82f3csuv7xuw,2,0,2,2,0,928270,2025/12/17 21:26,safe
bc1pvu66f9jgyqx7202uqq9uxudw47kny059s7f27n7ktw6zlq7mp9aqkrh6gg,300,0,300,300,0,928275,2025/12/17 22:02,safe
bc1pvv59csufwvrwuw33jhny8709n3ynaej0w88g769uwe75s32c2f8qdf38kp,3,0,3,3,0,928270,2025/12/17 21:26,safe
bc1pvvedzn52m2ejr27tq9wyhl782al0vrtxw959pzqaare2kylxzn8qnn3rrs,623,623,0,0,0,928270,2025/12/17 21:26,safe
bc1pvvwh9znng6lycwfmj7cj84lvcyan7epl06pevqqcrlfjwghqqwcqjn03uy,1,0,1,1,0,928270,2025/12/17 21:27,safe
bc1pvx5vqz08fm7z4ezfa44nfxf3qrkc6khxkc37jd64teswk3rf7ywq6qp690,1,0,1,1,0,928270,2025/12/17 21:27,safe
bc1pvzuq68wmq60ryf5dnxx0qkec7avu20z5x2a5pt4wsv8ahhyyt7uscmvsyu,2,0,2,2,0,928270,2025/12/17 21:26,safe
bc1pvzywm5ktpr5m6j9prurc534lveeqeddats7fx7t6gqrvglhhr59qcnvr3n,1,0,1,1,0,928270,2025/12/17 21:27,safe
bc1pw28c5e290jrs3lexfyu282g8g5cz9kgnksctmzl5jpqrfdh97rrqnrx20u,1,0,1,1,0,928270,2025/12/17 21:27,safe
bc1pw369kz2lk3r5w475fkf7gyff5vzefy82h73vhxvwf3gugvu978gqhnk5f6,24,0,24,24,0,928270,2025/12/17 21:26,safe
bc1pw3gfe0cfv0kej8ee6p33sdjav6x30n0p6r9dwl47fzgclhql7kaqk2z7uw,1,0,1,1,0,928270,2025/12/17 21:27,safe
bc1pw3rej4vzqmtndxpzgdlttk7aks0zalpvtms65cuxam0ljcgjkyxsdj0az4,1,0,1,1,0,928270,2025/12/17 21:27,safe
bc1pw49jnkp72j9g6pdc5p7yjdpruepx3tv0n5s9f3dqrm5v5xfe9u2qpn86rf,1,0,1,1,0,928275,2025/12/17 22:03,safe
bc1pw5rwcm5s0f6w5yc4y5mwg75dnd6mch0x8u4nm7zwphn9xswqkujqaj2ft4,11564,0,11564,11564,0,928270,2025/12/17 21:26,safe
bc1pw5sh2vek9nw4lj5xv238s2uxgcknhjk6y7npn3yudjhungskzpzs4u48m6,88,0,88,88,0,928275,2025/12/17 22:04,safe
bc1pw6t57g0mwx5ufmqplwfhtns8zu0svnmkjj24zv66edc3j7luk7kstqu8hv,1,0,1,1,0,928270,2025/12/17 21:27,safe
bc1pw6wlxyesg2p07juplvsf45lq0jr2mt3ygwklnxql7vf66hrkmpush3vv7p,1,0,1,1,0,928270,2025/12/17 21:27,safe
bc1pw9a975sndfvemwjq5skta7syku7vndqhdxc0y6hvy47ke6qznuvqkvxjfw,1,0,1,1,0,928270,2025/12/17 21:27,safe
bc1pw9gnfq7tp28ljh0gftjfdu9a0yvwu5amyzy63cgxl72jfzpjnr3qqkntqa,1,0,1,1,0,928270,2025/12/17 21:27,safe
bc1pwd8dcx0fsf76g27t9rp8g8kcpctufy0c8a5x94wn0c3k4warws5qvrc26y,1,0,1,1,0,928270,2025/12/17 21:27,safe
bc1pwffmdtn40yf50nffjwr7apcs950cutj2j0dd8acp0p0cuyknydnsk0z2qn,2996,0,2996,2996,0,928270,2025/12/17 21:26,safe
bc1pwfsa9hk95rculk2s5ucd79vd358scejngj5ame3rgr6nay5at9dsdq4elr,1,0,1,1,0,928270,2025/12/17 21:27,safe
bc1pwgajtaf4w9kzuuvqgkmsel595n8mdgp3tnr99al5zn0wym8zujvqjkzw2v,1,0,1,1,0,928270,2025/12/17 21:27,safe
bc1pwk2umpk8tjcan9u8ee5ht6kt4heqmcds4cn4umppemuun0pwsr5sel2qku,1,0,1,1,0,928270,2025/12/17 21:27,safe
bc1pwk4lw66wju474rt0wz9dtd6xtkn28p9rpu8xt5l45xzg8jxh7gusekc6an,3040,2970,70,70,0,928270,2025/12/17 21:26,safe
bc1pwl7eghw8ncz39vzd2k82evg7xv8zg04xqlskjvtczercwjg9tntqxvf6ns,1,0,1,1,0,928270,2025/12/17 21:27,safe
bc1pwlkmdlsqgrgrelhyt7y4p2q7v498rhy2xvl2c5358xwqq2kc8wjqgvlj9y,1,0,1,1,0,928270,2025/12/17 21:27,safe
bc1pwn5calptaya8zrz95p29fs979ytky46tna70mhvkx99fehasvfksrkpfzc,1,0,1,1,0,928270,2025/12/17 21:27,safe
bc1pwpjk66vcx49r9fxg8vkcxuzmyzjgltv65trndygd87r0j0k8evgsvtkn2c,1,0,1,1,0,928270,2025/12/17 21:27,safe
bc1pwqmk4ktcg6nzmm40206jr3a9qv44hlju2zkejryhu60cla48vwtsu8ck4z,1,0,1,1,0,928270,2025/12/17 21:27,safe
bc1pwqs0cce4ptce5vl2e6dstnrs5jjmg83dt5tc7h6wymh7alqk6xzsq2va30,2,0,2,2,0,928270,2025/12/17 21:26,safe
bc1pwrtslq74uznnrvqj74r2skknpfc7an66dtg3u8e2w80w3f06vjrsaz8g59,109,109,0,0,0,928270,2025/12/17 21:26,safe
bc1pwsgqqjxlj4ejzlpevwel4qlcjyqynxmjff8508mx7cpuru70wvfsd064vz,1,0,1,1,0,928270,2025/12/17 21:27,safe
bc1pwuyx2s2z04gty4x6m97sup3ew85n8sthpl0t2eaz7aeun0jk35js0ftawv,300,0,300,300,0,928270,2025/12/17 21:26,safe
bc1pwvngha9dzpjx522s6cyxhmll83lrmnczuywscc07geqms3vgsz5s8ajavr,1,0,1,1,0,928270,2025/12/17 21:27,safe
bc1pww0sy88h7c5kwj283psvz0ne22z532s5jz9a3wsupnwfjm9r25tqgku8p3,1900,1900,0,0,0,928270,2025/12/17 21:26,safe
bc1pwww9rn2g6aaprk8c2q59d7yjvc2wka8mj0eswl4zkwmr530emktsphu7zq,1,0,1,1,0,928270,2025/12/17 21:27,safe
bc1pwyw379lpssmnuvwgad4t2fpcucs3ceffquhyae0j8mye8jmu9r4slznyyp,1,0,1,1,0,928270,2025/12/17 21:27,safe
bc1pwz8hekp6zrnl3gwx79w3egexw4v57dy4w65f38f3qg8549e9ushq5l0a89,1,0,1,1,0,928270,2025/12/17 21:27,safe
bc1pwzjtwuy4n3tx98e5jxjujjmjrgqkd0aa6d4hlnnrr7dg5qjvdhtsqgntun,1,0,1,1,0,928270,2025/12/17 21:27,safe
bc1pwzpkedxn3l8xf92znusjwqg7xdrldna4lw6ljljg2un45egry98qz0p2ck,1,0,1,1,0,928270,2025/12/17 21:27,safe
bc1px0kqzxcjzt7fd0ksvllqpfh6uh0yje6qnwlyzm76khmyxgmka72s5h3yad,1,0,1,1,0,928271,2025/12/17 21:27,safe
bc1px4ey32hrye9z5fn608tenrv89cetdsnrgs0wl66sr5nevhh7d8cs08m9k2,1,0,1,1,0,928271,2025/12/17 21:27,safe
bc1px50dmjz0vk2pca9cychvfu5d63pnc254n7gztpw7ucgzrzkwzdmqepzx63,3,0,3,3,0,928270,2025/12/17 21:26,safe
bc1px5tq53w6vts4utk36h09safmy78ykms7n4a4edkfscnk4ufxmqkq9lk0lq,1,0,1,1,0,928275,2025/12/17 22:03,safe
bc1px86758y5zlam7u9p85g8a6krne7m8cd3mzy76nqfz9hpx6fx5fcqcmk9x7,1,0,1,1,0,928271,2025/12/17 21:27,safe
bc1px9jzyz24hnfje0wdntfm8g5atdcglm2p386lztag0j7hh54hugdsmefcsy,1,0,1,1,0,928271,2025/12/17 21:27,safe
bc1pxa7qymd5e4dl0uq5fc6dwjduaklq2qy2mpkj0uzxpx4f6cjlfjuqr5gnxp,1,0,1,1,0,928271,2025/12/17 21:27,safe
bc1pxcj6kg9m20fv5zu880nytd9dk5rqwh3avrluc90rrm9fdpy0ar3snsmzzz,1,0,1,1,0,928271,2025/12/17 21:27,safe
bc1pxdgw4xefp59yx6j55rn548q0456mssulr75rcq7s849peukcpfts9jgvhr,35777777778,0,35777777778,35777777778,0,928291,2025/12/18 0:37,safe
bc1pxdmxjr52gcpwt6r72387pmh7079znyvnt04fc55dljkk4mh46ysqnnp3l5,1,0,1,1,0,928271,2025/12/17 21:27,safe
bc1pxkhrd4y4058ksx79n5psgvh6m3jjqvx74rprpppzck4thvyks7ws85ysnc,1,0,1,1,0,928271,2025/12/17 21:27,safe
bc1pxlnpe8nv65gs0c68zz0tql963w02y9ftnsdh9720dsz90xa48pmqrd8jfe,1,0,1,1,0,928271,2025/12/17 21:27,safe
bc1pxm52f3zckczks69s50kpj4vj08zz60elwcufgrlqdczwf6wq3arqjzsuea,1,0,1,1,0,928271,2025/12/17 21:27,safe
bc1pxmg7ck9tfxvxfvyc0rtj38t3etgt9fcwr9vweynndnxk098stcfqhpnudp,136,0,136,136,0,928270,2025/12/17 21:26,safe
bc1pxpt5vaerdyp3w3xqgxjk5c7l8y8cf0vjvyhgstwxxudqdflcy8msdvy9p9,1,0,1,1,0,928271,2025/12/17 21:27,safe
bc1pxpzpalpv7qy0n2yjd72q0u5k6pd8d72atm8gzufn4qklztg7v2kscs9j8z,2,0,2,2,0,928270,2025/12/17 21:26,safe
bc1pxrl5947sxpfrqyrdadql6va696ahdzxd2l3tfzu5wsutjl8urkwqfp3pl6,1,0,1,1,0,928271,2025/12/17 21:27,safe
bc1pxrysqpmyt6cuwske9s43vgxgst4h6qmdf32r4z80j2pr7f3akewqh7gw2q,1,0,1,1,0,928275,2025/12/17 22:03,safe
bc1pxtegmkltvsmz4xpuwxg70zvldsz39qlp5fg7dqg49aqmzfqzwjys9pl5t2,1,0,1,1,0,928271,2025/12/17 21:27,safe
bc1pxxjs3gp6c6pt9eyuy38s89ykavwfxdcy6x3rjp63r9k7ch50aujstwyh3m,2,0,2,2,0,928270,2025/12/17 21:26,safe
bc1pxxvjg0vm3pztz40yj9h9pxj589nlruspn6r54253tgtd8udaqgmq65xsez,1,0,1,1,0,928271,2025/12/17 21:27,safe
bc1pxyx6jpvczj7mj8uxq64mjq2lpusrq4ry3gvgyvwhdgzyd6ulxa5shsja7d,1,0,1,1,0,928271,2025/12/17 21:27,safe
bc1pxz235sp9tcfqpapfgul6mx8gmyuenwdpjcln48zvjevmagrzelgsl2d56e,1,0,1,1,0,928275,2025/12/17 22:03,safe
bc1py0a4x57q974yj2ykf7lkkc42lux32fwpadttdfn6vvd84n6czfcs7dv0qa,1,0,1,1,0,928271,2025/12/17 21:27,safe
bc1py2g44dq0s978ca2nyt66265h2hz3pj9yqz4f03j4kw4qpmya66rspp4hzt,1,0,1,1,0,928271,2025/12/17 21:27,safe
bc1py2grqpdpjwlrtm076ecrljurt70jhntpl6dlhwrteqaxsf2vqgpshruukx,1,0,1,1,0,928271,2025/12/17 21:27,safe
bc1py2njuhztvx698k2ge9nq398qcjc3kvrnp79qud09t6gxjffyy53spweg0l,1,0,1,1,0,928271,2025/12/17 21:27,safe
bc1py34v54k4y7gx4nw4xzeru8z7pwlvjrjlhxsd0g0qv85cjf6qe9qqjd970r,1,0,1,1,0,928271,2025/12/17 21:27,safe
bc1py3afe6ezhqgzurq8zd687dcf5d0clr0c7hvwvcjze9cspu6yrgks8t3mh4,1,0,1,1,0,928271,2025/12/17 21:27,safe
bc1py3cfm08639ttnydvp4jyw7aguk78sjyz3gx9t8cn5ha5qzpsrgusytep60,1,0,1,1,0,928271,2025/12/17 21:27,safe
bc1py3raxv5jzgruqlw7dxwhavq3erhz8lraxahmjat4p36phrtrzuls2pqna2,1900,0,1900,1900,0,928270,2025/12/17 21:26,safe
bc1py49umlhkdt87snzulterfg254zwmvkfmgjcy3u29m8445w3f7uqsua9g67,1,0,1,1,0,928271,2025/12/17 21:27,safe
bc1py4jyrxshl0khqf42rxvr0qnh29rygfrhad02vfvrkwvvlhljwzcshuf395,4,0,4,4,0,928270,2025/12/17 21:26,safe
bc1py7tueeegjnwqzfzkqfmzdukjuxfcp9asl6scf633r3a6kzlkl23s8clsxd,3,0,3,3,0,928275,2025/12/17 22:03,safe
bc1py8psqty358clmvp0u9yxsg0legkphnaufdpjrrmy5ak46s024kysq976yj,1,0,1,1,0,928271,2025/12/17 21:27,safe
bc1pya5qyrknsfk6u50qvxy0qt0gum0ehtf7v2z3fvulyeps957leuuqjtw85g,1,0,1,1,0,928271,2025/12/17 21:27,safe
bc1pyd8zfz4cknucfmr8udh07gewuw0tkwd4wgq8ejqc90kmy6dzhncs569mm4,1,0,1,1,0,928271,2025/12/17 21:27,safe
bc1pydawrjcfe0g2u5quhmdh0efmx8sy7qjxm569wwfxha3p42d6r9gs728ud3,1,0,1,1,0,928271,2025/12/17 21:27,safe
bc1pyf3ysz0dfwc9sddfjf6pmzcmrmdntzl37tln3mykwrphdfgklnyq6avec3,1,0,1,1,0,928271,2025/12/17 21:27,safe
bc1pyjypffnaq92yrhhyagph4fw520vj8tscp0q2my6ychuk9s5x2ghsxvzrwg,1714121213,0,1714121213,1714121213,0,928296,2025/12/18 0:59,safe
bc1pyksyxdcr5le39mz6spwjcx0h0vt8lwxsajtw2suzxtkhwwumxvkqtmsvsz,1,0,1,1,0,928271,2025/12/17 21:27,safe
bc1pylvclfnxfu4eznyzaxgx7yet5850l2ufnylfe96pqxacask9lx7sgpdmv0,1,0,1,1,0,928271,2025/12/17 21:27,safe
bc1pylw83s9l2wny9688gp9kvhyznznyhk33pxf82hfefmjzvnjypncsg5g6pp,2,0,2,2,0,928270,2025/12/17 21:26,safe
bc1pymxd2ghhk0a05zxayjugwry4d2s3mverstdtlh7w2wcsgqp5dypsxs68vx,4383,3965,418,418,0,928275,2025/12/17 22:02,safe
bc1pymzhkgwwt0ju08spsmy4c0e5hhvxw04skpt4e4nr4yvjnqam9als527aru,4,0,4,4,0,928270,2025/12/17 21:26,safe
bc1pyqffv3mpqrkukc9wwkvrkugztfqnsfesxcve5mt4950rns9m6tvqqayf4m,1,0,1,1,0,928271,2025/12/17 21:27,safe
bc1pytvcylc3dnxgguargszzahlt9e6l4rr75cnq2r6xmhjaa0039rfs5p7vww,1,0,1,1,0,928271,2025/12/17 21:27,safe
bc1pyu5gygavpa5q3mvmekyax8gnmd8z6ug7s5wl8ztltkfr43xnqurs3c39pr,1,0,1,1,0,928271,2025/12/17 21:27,safe
bc1pyv2s5rhmw9p4nn3yr6mq0h78jq38ly9u5sex7h86cw5msp4tnm6qd880tu,1,0,1,1,0,928271,2025/12/17 21:27,safe
bc1pyvxtmdaf69ez2rm0nvt94nlr5m8up9vtl4kx9lcv8xx6etgyzl5qnwl560,92,0,92,92,0,928270,2025/12/17 21:26,safe
bc1pywud2lxafgxpll8td7mqg890lxl7a5hf0exzuh7ssaz4ya4ldf4st4rws3,2,0,2,2,0,928270,2025/12/17 21:26,safe
bc1pz0axzwzjay5z8xac33xd2t59fn3tp3x32zdfhsq94ej0gxrxjc2svhz395,3583,0,3583,3583,0,928270,2025/12/17 21:26,safe
bc1pz267qhl4zpv3cu7e2fwf7hwt6tly4sm5nrlz8hyxgx9kh7hh3jlss58m77,1,0,1,1,0,928271,2025/12/17 21:27,safe
bc1pz29srq3thpks8k3juqnh87clvfq760tjfd5l79ukxn8hkm8yt2jsrr5s79,21,21,0,0,0,928270,2025/12/17 21:26,safe
bc1pz2dhyg4g9402nvrcmey7tyw6ngreh5y7gps2daq6632meh3xe0gq0f3g36,2,0,2,2,0,928270,2025/12/17 21:26,safe
bc1pz4ahkjlau6eye9ucs8as9hw5rk6z2fdfkmrqz63jhg922t5esyrscs8ncy,1,0,1,1,0,928271,2025/12/17 21:27,safe
bc1pz62n9ex5ytjwj89jrx4zytqmm8awulgzz4la5ny6252f6fxgmrlqftg5jv,2000,4,1996,1996,0,928270,2025/12/17 21:26,safe
bc1pz6l30cfu9axml67wznk60v6mjssvlejcdygnnvt0525m5k9063rq6x2n4j,2,0,2,2,0,928270,2025/12/17 21:26,safe
bc1pz7752swlfrx838rel32cpsp0c3aaemuktxg2cau94m8mlxnhef7sykugda,1,0,1,1,0,928271,2025/12/17 21:27,safe
bc1pz8kd4ksu6upelx6te06l3dy3qs58e4hltmzutkgwuydn7zw56gmq294dy2,1,0,1,1,0,928271,2025/12/17 21:27,safe
bc1pzatn93lr7tlk8vcpzlj6tmdsrh80r4jmdn2ty6q2gdma3v37he9qyrwg3y,1,0,1,1,0,928271,2025/12/17 21:27,safe
bc1pzc35psr499j807rap2fgmgytrevpujy90qr2twd94wd3y9yh3keqzrd069,2,0,2,2,0,928270,2025/12/17 21:26,safe
bc1pzdk5czh4x5v4578na40k9246tgqhx7a4kj9wud43anuemf4d52msxue8w0,1,0,1,1,0,928271,2025/12/17 21:27,safe
bc1pzftucwhvrjwxh2gmnaqc2554gslq0wyklfy4f2djg6znpcf4cm4sfysw8m,1,0,1,1,0,928271,2025/12/17 21:27,safe
bc1pzh3gjk8gx86wz0kz90w42tllzmkff3ckewatuq890qf2xhvjq9wssesxff,7050,7050,0,0,0,928270,2025/12/17 21:26,safe
bc1pzhhctcntrz9ykqcn9jnv0utjrc5emd7z4qqywj0yutcx5eve5s3qfgqnrs,1,0,1,1,0,928271,2025/12/17 21:27,safe
bc1pzj2r65hxwa0rzcwjz7ds39ey0e4veu0e7xsa4npyngq4x0xvc5psxhgu8k,1,0,1,1,0,928271,2025/12/17 21:27,safe
bc1pzkf06lu7mgneq4kta66z77k53pfdku068xaqwhxd6t2tr0t7n9yqf36jj3,1,0,1,1,0,928271,2025/12/17 21:27,safe
bc1pzmaz0xtycn0uqkcqgs0t3avw7rqyjspsdrcpv88wq3dywppnqv6qwpqtm9,5,0,5,5,0,928270,2025/12/17 21:26,safe
bc1pzn385vwdvl7pah9lddyjtzh5563752u224h3zt7ztgdl4znuwpfqtuhmxz,1,0,1,1,0,928271,2025/12/17 21:27,safe
bc1pznms9zask7vljjvv75txemuvnsvcck000v2lh6sgs6dp5w85aysswced6f,1,0,1,1,0,928271,2025/12/17 21:27,safe
bc1pznu0j2ta0gpk66cupf74h06gmdka4hg2v6qxggjvm3hvzq30zpgsryanj6,1,0,1,1,0,928271,2025/12/17 21:27,safe
bc1pzp47p57d4klm6csqr9uea53xjem2wz8aw6xklq8dvrhjsu2nq8gq23n56v,1,0,1,1,0,928271,2025/12/17 21:27,safe
bc1pzrpemdfxh282rcz9y0gtd7qqteshgresnj2xn34a7lquh3cz54yspu05w9,1,0,1,1,0,928271,2025/12/17 21:27,safe
bc1pzrqxxvzyury3crk7yjwdq9uczvy43kshcc9h5kmt5927nveaennqu7srph,1,0,1,1,0,928271,2025/12/17 21:27,safe
bc1pzu0msvdqf28gxe4a0dhdhdrr693e4egepsrvwjynsu7xzzehwtyswg2w9j,1,0,1,1,0,928271,2025/12/17 21:27,safe
bc1pzusxnqkqwzxmhwav7ypd0y79p7gcwa3rnnju6acp7lnkhnjswfwstv3xcv,1,0,1,1,0,928271,2025/12/17 21:27,safe
bc1pzx4pxzryryp2h7lgsqs0kz50zwul58jmtje393danprwwgfja5usd6yqu2,1,0,1,1,0,928271,2025/12/17 21:27,safe
bc1pzzwff52qawm6jcma82gzy3a3jtx3863wyqauq7vhxhn7dh07xllqqypn00,2,0,2,2,0,928270,2025/12/17 21:26,safe
bc1q04ff4ufu8t888q7ykknuvlm4p3xn4x9v3cthsu,1,0,1,1,0,928271,2025/12/17 21:27,safe
bc1q0pxp0lcct5hysurl3upsc2k4wp82fmn40l93tn,10,10,0,0,0,928270,2025/12/17 21:26,safe
bc1q0r7r2w3emkupd43pjncj0pftt0j6p3ya042nwn,100,100,0,0,0,928273,2025/12/17 21:50,safe
bc1q0y8448ufy2cstzc7tvvjg67d53jrgcj28v8spe,100,0,100,100,0,928273,2025/12/17 21:50,safe
bc1q270n5ml8v872zp5xj5rn0vkzmr03fx7k3uuc8y,1,0,1,1,0,928271,2025/12/17 21:27,safe
bc1q2as0llazks3tn6f8vwuhjz333cqz3ty6z20e37,1,0,1,1,0,928271,2025/12/17 21:27,safe
bc1q2xk39jdl8pn8dal6s3x8uq4swedp9682500wc9,1,0,1,1,0,928271,2025/12/17 21:27,safe
bc1q33em8zk3v9xwqjyc40chx63d0cmkdxzku574w8,1,0,1,1,0,928271,2025/12/17 21:27,safe
bc1q35xukjqlhd9a0wqsps6wwfkxmlrca94605dnet,1,0,1,1,0,928271,2025/12/17 21:27,safe
bc1q3h7xjv4jfn56rw64rtp80u80lgj870gcqye0qz,1,0,1,1,0,928271,2025/12/17 21:27,safe
bc1q3utm0garulcsp2ncgxczuj63xjhuaqvachyc3u,1932,0,1932,1932,0,928270,2025/12/17 21:26,safe
bc1q4032953x0ydlzhqd76p3dmw2gvv4zpuyjx7s6t,20,0,20,20,0,928270,2025/12/17 21:26,safe
bc1q40ggnxm3a4xxvts5lgqyr9xsnj7792gl7cvy9g,1,0,1,1,0,928271,2025/12/17 21:27,safe
bc1q44u8gwa2n0kfcl4fqm64pa7uapygm6e20fkrjv,1,0,1,1,0,928271,2025/12/17 21:27,safe
bc1q475lmt9mn6uyf6rfnh26096v4exqt0094xp3ks,1,0,1,1,0,928271,2025/12/17 21:27,safe
bc1q4aptq05sj6clud9932haxw0rvumss8eg9syw9z,1,0,1,1,0,928271,2025/12/17 21:27,safe
bc1q4m828u7a3y5dpg2lpgc7wleh6u4cn9ectjwy5l,2198,0,2198,2198,0,928270,2025/12/17 21:26,safe
bc1q4r5qmurajal092vkfflea703j9lhmcgj7yaffy,3,0,3,3,0,928270,2025/12/17 21:26,safe
bc1q58jnkvl3jgq6ur0kku5l8mzgtmuewvdj468xek,1,0,1,1,0,928271,2025/12/17 21:27,safe
bc1q5ft450008jfaugels25a5zyysqx63hwptuar0y,1,0,1,1,0,928271,2025/12/17 21:27,safe
bc1q5hzcgq64ldjxqx8ehp8qeft87r32v97pzvtel4,2,0,2,2,0,928270,2025/12/17 21:26,safe
bc1q5j72dgluxftytqruruk2hkthps3x2fh0zff7qm,1,0,1,1,0,928271,2025/12/17 21:27,safe
bc1q5z7tsd5lrplyazht8jq7uczaex5w47lv7qlygj,1,0,1,1,0,928271,2025/12/17 21:27,safe
bc1q6hp5zyqt0jmqdscapj6qwg7qh7mty4qvy4tk6v,10,0,10,10,0,928270,2025/12/17 21:26,safe
bc1q6jds4rg7jxclr9rkuupkxtxd263ec5p0utv0ku,20,0,20,20,0,928270,2025/12/17 21:26,safe
bc1q6tuxxw56t7x62apgxsd7v6l6h6mypu8s6v9xqd,1,0,1,1,0,928271,2025/12/17 21:27,safe
bc1q6y8q5des870c6xzxtwaa05x69tzukcagyumduj,1,0,1,1,0,928271,2025/12/17 21:27,safe
bc1q70fqlr6sqcr60ytlffges86fqu68y8ef43hk00,2136,0,2136,2136,0,928275,2025/12/17 22:02,safe
bc1q7kt402djg4l4n92gh36e9d202spp7ys2350lnl,1,0,1,1,0,928271,2025/12/17 21:27,safe
bc1qadsluaff7erm99e4wzwttmn8gt4shd7edl3z3d,240,0,240,240,0,928270,2025/12/17 21:26,safe
bc1qaq2w6f4uyc3dg9znuxcvnpwedr4dk8qwm5ya48,1,0,1,1,0,928271,2025/12/17 21:27,safe
bc1qd0qw57d42hcx7xxcdtps0vwr9dmkk7fqwhz3aa,2217,0,2217,2217,0,928275,2025/12/17 22:02,safe
bc1qdvjg3str6l9jme855lnvj089yp6xrzqsuenary,2,0,2,2,0,928270,2025/12/17 21:26,safe
bc1qdx9lv7xl7k3dmqyf40x8p9vyfw9re44cm0nd00,1897,0,1897,1897,0,928275,2025/12/17 22:02,safe
bc1qdy8emfegsdsjm9muxtmggame5r7hr8edzrndwh,1,0,1,1,0,928271,2025/12/17 21:27,safe
bc1qeh2ep9zrh7j0fge6jm0xzy9dpf4cf634ek03fr,20,0,20,20,0,928270,2025/12/17 21:26,safe
bc1qem3ghdw5qp52ux5ts7kmqml940m6e6800cegz0,20,0,20,20,0,928270,2025/12/17 21:26,safe
bc1qevf6ezvl5sy836nh20fql8dnf8y8fnwww05lam,1,0,1,1,0,928271,2025/12/17 21:27,safe
bc1qf0tk9cujjua3j2cwvnq7tn2r06pnvuamvgh368,1,0,1,1,0,928271,2025/12/17 21:27,safe
bc1qfez07pldd6skzzzddadx9mx0cqq4gdjf4lsk33,1,0,1,1,0,928271,2025/12/17 21:27,safe
bc1qfufjwqmw50jk37p5ap3s054ufeck5vfkeakc40,3,0,3,3,0,928270,2025/12/17 21:26,safe
bc1qgrta9rc5tvplucmp5w5uplp72pvrdx4y4upuw7,1,0,1,1,0,928271,2025/12/17 21:27,safe
bc1qh2rvq58hs8g88hlhq6j8yfuge3eq6vm45h7mhh,2,0,2,2,0,928270,2025/12/17 21:26,safe
bc1qhl69ekkx0w8esgjuk89a0002yccpgjmmr0cf7c,5,0,5,5,0,928270,2025/12/17 21:26,safe
bc1qj0c94r00qvg43sru06fsr0s7y2s5yyf6avp02v,1,0,1,1,0,928271,2025/12/17 21:27,safe
bc1qj57tdcda7c834p2uw4x5x5hw43hllyrat8r9ah,1,0,1,1,0,928271,2025/12/17 21:27,safe
bc1qjah8469a97lct5n3n4wewnaz3qwx4wz0yr9qxl,5640,0,5640,5640,0,928270,2025/12/17 21:26,safe
bc1qjcaku0leqtdtgswc2c7e4fh2rqrka0lpx4wkd8,7381,0,7381,7381,0,928275,2025/12/17 22:02,safe
bc1qjqczanp22smt6s7dl0un88teu02c8ewk9mawe8,1,0,1,1,0,928271,2025/12/17 21:27,safe
bc1qjww4hgpkrsefaaheqzp4tjz2ee2mfzrwl97f6f,20,0,20,20,0,928270,2025/12/17 21:26,safe
bc1qkg32g25rf7qnf80snu0p7x64vh72kfyczn48v8,20,0,20,20,0,928270,2025/12/17 21:26,safe
bc1qkgpzs9accvx50zy0hnet0h3q5qp72qsnv9sg2a,1,0,1,1,0,928271,2025/12/17 21:27,safe
bc1ql2vgft8sqgw7l4sjzcxykqvlyk8u3jhvr36kaa,1476,0,1476,1476,0,928275,2025/12/17 22:02,safe
bc1ql4x3ydfg7frc9xtwnylx5nmyz9ud38qxezrgaz,1,0,1,1,0,928271,2025/12/17 21:27,safe
bc1qla79y534xeghhv09qps7ny5vg85czgdam9s7jw,1,0,1,1,0,928275,2025/12/17 22:03,safe
bc1qlrp7hzz8h45dzy2aly0z7gdsxxuv9hefggj3sm,20,0,20,20,0,928270,2025/12/17 21:26,safe
bc1qlvsrrhgnntu38h3ytqqumgcpr4xnzk8q3en64m,2475,2475,0,0,0,928270,2025/12/17 21:26,safe
bc1qlx0f64x36marlqeuyyhwm5v3l7y3xj3dwwux3x,1,0,1,1,0,928271,2025/12/17 21:27,safe
bc1qm6gwu0vvdtvgfjvwu54nmxyw58e3hv2h92p4w8,1,0,1,1,0,928271,2025/12/17 21:27,safe
bc1qm7lrzpl8eryfrfm85nnn4shjh5p2vgwlylxjeh,1,0,1,1,0,928271,2025/12/17 21:27,safe
bc1qmgtlwqhq76p3hkt7kkkddf9z5g6ju5kqcslu3j,1,0,1,1,0,928271,2025/12/17 21:27,safe
bc1qmkarr7dm5eh5rhcp8gkfhz0fx6xwxxkp34xffz,10,0,10,10,0,928270,2025/12/17 21:26,safe
bc1qmkjqav37vnd800euaepw2tu4essq72lch692wc,20,0,20,20,0,928270,2025/12/17 21:26,safe
bc1qnhlt4539znnvw7makrfh6cq27rqxy686qd3hdk,110,0,110,110,0,928273,2025/12/17 21:32,safe
bc1qnpwkpd06enacnh4jssdv5ptycluc9q2ajj4804,1,0,1,1,0,928271,2025/12/17 21:27,safe
bc1qnwqw5gdjp7k4kvqj2p6968tmvtavrhtsxusr00,2179,0,2179,2179,0,928275,2025/12/17 22:02,safe
bc1qp2sn9ux3lmz5qrpmwgdydznngufp0dge9fgvyv,1,0,1,1,0,928271,2025/12/17 21:27,safe
bc1qpmj4c8w6c0gdurmkejh69lc499c06mjjtjtkyp,625,300,325,325,0,928270,2025/12/17 21:26,safe
bc1qpxd3zasljra5hwuuuf29xl9dvuw0g7pas6yqg8,1,0,1,1,0,928271,2025/12/17 21:27,safe
bc1qq02afvzrdm7sl6kd5zan5eflc2egtgp2xqrl9g,100,0,100,100,0,928275,2025/12/17 21:51,safe
bc1qqhgfvr6f56uqr5vp33fmrwaj3l3gu6mnrzkg5e,1,0,1,1,0,928271,2025/12/17 21:27,safe
bc1qqqqcplydzr6mn6ynqxpfm0x4feqm8cmvajzxt7,1,0,1,1,0,928271,2025/12/17 21:27,safe
bc1qqrldk5j62nzk44tu0akhsm4eq6msgz2rplns0s,1,0,1,1,0,928271,2025/12/17 21:27,safe
bc1qqt58hwud2a0zs47gtuuzeh85esyvsadaahdmqq,8500,2500,6000,6000,0,928270,2025/12/17 21:26,safe
bc1qqtyuyn6495jh5zqdsvvzf6dh5cwpudhjwvvyws,20,0,20,20,0,928270,2025/12/17 21:26,safe
bc1qqw2jhsx50ru4h00qwq6932qp43zdjpgpeqjnsk,20,0,20,20,0,928270,2025/12/17 21:26,safe
bc1qqw37p3lxxrvkkhy87d47w7ljn9l0d73e53p4cr,1,0,1,1,0,928271,2025/12/17 21:27,safe
bc1qrf7w3dpw2h0caa6p9tvl8wkgpjjug0g3edykuq,1,0,1,1,0,928271,2025/12/17 21:27,safe
bc1qrnxc82pyhezjdp2hvlnxkeplujpr384fdtezun,1,0,1,1,0,928271,2025/12/17 21:27,safe
bc1qrq7wtjfg8wp36rewa6e0y056385akacnvk9hpe,3,0,3,3,0,928270,2025/12/17 21:26,safe
bc1qs5yj35nzp6x9y8u4c0y8etwx7xkwgrj3hjyw06,1,0,1,1,0,928271,2025/12/17 21:27,safe
bc1qs7857wwn94ce0f2d6uzwqwm5tdeesn2n4v2utf,1,0,1,1,0,928271,2025/12/17 21:27,safe
bc1qs9w0hejump6w3p2qpsvj64y3nlqt6tz6lkfqk2,2,0,2,2,0,928270,2025/12/17 21:26,safe
bc1qsjst3qandksqs3rdhtxyggch2c7jypzjq6eq6x,2,0,2,2,0,928275,2025/12/17 22:03,safe
bc1qsx2pva2knh22t8afch2uhzgu2khpp342h5wsp7,1,0,1,1,0,928271,2025/12/17 21:27,safe
bc1qth55hazktq5u3z79kw7dzr0dwdw07zksxthtr4,1,0,1,1,0,928271,2025/12/17 21:27,safe
bc1qudjs8p744dtkmklyrfdurcm3pz7kpzg3t30xy2,1,0,1,1,0,928271,2025/12/17 21:27,safe
bc1qukz58ty7t5w7u6lc5v47jmgjcshe350nt0k290,1,0,1,1,0,928271,2025/12/17 21:27,safe
bc1qult08a4k6w5ylgdf5vffqt0h5tuwmnus9u0f8r,1,0,1,1,0,928271,2025/12/17 21:27,safe
bc1quughkavcgnjcmntmgcflnrrlx69ctrzr435xyq,2,0,2,2,0,928270,2025/12/17 21:26,safe
bc1quwatpa46rxqsgavdergg4h6kx4u6gxtwjyyzna,1,0,1,1,0,928271,2025/12/17 21:27,safe
bc1quypclksuderapn8xzyc7r5yhf48hx4mdkst9c2,1,0,1,1,0,928271,2025/12/17 21:27,safe
bc1qv8du6u6y2wfq8z826kd29622kqjhgdqhq3ykw8,10,0,10,10,0,928270,2025/12/17 21:26,safe
bc1qv9e4aus7mqrvgvhcmd3sg0qaqnja5ylezrez42,1,0,1,1,0,928271,2025/12/17 21:27,safe
bc1qvtt7tgw95lwean039pltcv8ushypddkf09ghex,1,0,1,1,0,928271,2025/12/17 21:27,safe
bc1qvx62fryzxajqeewxxfeml9e69h3fqzc3uz7laa,1987,0,1987,1987,0,928275,2025/12/17 22:02,safe
bc1qw4k4e3nj0ngy4wx26t42lrxzz7a0ryql7nsaeq,1,0,1,1,0,928271,2025/12/17 21:27,safe
bc1qwpu9sv5lv8pqamp96d6kex82k7jqyvgasurc8m,1,0,1,1,0,928271,2025/12/17 21:27,safe
bc1qxz7a634nr97z7vylst6e4waz5gjh7f8z86tcpq,1,0,1,1,0,928271,2025/12/17 21:27,safe
bc1qycgk2p0fx8e45e89nezfufcsam4ydkhvu4pjk6,20,0,20,20,0,928270,2025/12/17 21:26,safe
bc1qyd2vqtk2cxdqgvxgwramhnsee9pdqaerc2rxff,1,0,1,1,0,928271,2025/12/17 21:27,safe
bc1qyd4n8xfdhgq56fpqsddgzj83mayzftlu3hjgaa,2190,0,2190,2190,0,928275,2025/12/17 22:02,safe
bc1qye57tn9rratzfy0rr8f4y06nhnugmtevrmcnll,1,0,1,1,0,928271,2025/12/17 21:27,safe
bc1qyrukhep4ga4z8nkrs0vxlgv5nu9en5leggafg9,1,0,1,1,0,928271,2025/12/17 21:27,safe
bc1qyv5eacpcfgrkr00kxgslzqmk4rcnq3up0jjtfy,20,0,20,20,0,928270,2025/12/17 21:26,safe
bc1qz8t854fvd9h75u42w5dhtum29h6dd7qvdtw2v6,3267,2267,1000,1000,0,928270,2025/12/17 21:26,safe
bc1qzqk4w2c942rnckpaz5fpk8lnufjzs5x5tee29e,1,0,1,1,0,928271,2025/12/17 21:27,safe
bc1qzqzpy50znfv52md3cc543nn8wglr767pe8hngq,1,0,1,1,0,928271,2025/12/17 21:27,safe
